Brand,Color,Fuel_Type,Transmission,Price
Honda,Red,Electric,Manual,29628
Ford,Blue,Petrol,Automatic,17082
Toyota,Blue,Diesel,Manual,48118
Mercedes,Red,Diesel,Automatic,29446
Nissan,Silver,Petrol,Manual,60753
Suzuki,Gray,Electric,Manual,29110
Kia,Blue,Petrol,Automatic,21338
Kia,Gray,Electric,Manual,62823
Nissan,Blue,Hybrid,Manual,51178
Hyundai,Gray,Diesel,Manual,18003
BMW,Silver,Petrol,Manual,71785
Honda,Green,Electric,Automatic,56660
Kia,Black,Electric,Automatic,28730
Hyundai,Blue,Diesel,Manual,25708
Nissan,Green,Electric,Manual,59866
Kia,Red,Diesel,Manual,67759
Kia,Green,Electric,Manual,28826
Mercedes,Gray,Diesel,Automatic,40928
Nissan,Black,Electric,Manual,31162
Audi,Silver,Hybrid,Automatic,38723
BMW,Black,Hybrid,Manual,64530
Toyota,Blue,Diesel,Manual,66909
Suzuki,Blue,Hybrid,Automatic,54052
Nissan,Silver,Petrol,Manual,59676
Audi,Silver,Electric,Manual,34234
Suzuki,Black,Hybrid,Manual,77509
Hyundai,Black,Petrol,Automatic,70159
Audi,White,Diesel,Automatic,64971
Ford,Red,Electric,Automatic,16276
Honda,Gray,Electric,Manual,18796
BMW,Blue,Petrol,Automatic,68478
Honda,Black,Diesel,Automatic,77052
Audi,Black,Electric,Automatic,78200
BMW,White,Electric,Automatic,59019
Kia,Yellow,Hybrid,Manual,31246
BMW,Blue,Electric,Manual,53555
Audi,White,Diesel,Manual,19652
Toyota,White,Petrol,Manual,71337
Kia,Blue,Diesel,Automatic,58842
Nissan,White,Diesel,Automatic,30925
Nissan,Green,Diesel,Manual,21352
Suzuki,Gray,Hybrid,Automatic,45606
Toyota,Blue,Petrol,Automatic,62724
Kia,Blue,Diesel,Manual,27465
Audi,Yellow,Diesel,Automatic,27025
Hyundai,Yellow,Diesel,Manual,44041
Audi,Blue,Petrol,Manual,78504
Honda,White,Diesel,Automatic,46826
Nissan,White,Hybrid,Manual,25789
Suzuki,Red,Hybrid,Automatic,75720
Nissan,Silver,Hybrid,Automatic,25144
BMW,Silver,Diesel,Manual,52957
Audi,Red,Electric,Manual,18286
Mercedes,Yellow,Diesel,Manual,77965
Audi,Blue,Diesel,Manual,53996
Honda,White,Hybrid,Manual,76708
Mercedes,White,Petrol,Manual,42474
Mercedes,Gray,Electric,Manual,58891
Kia,White,Electric,Automatic,23577
Hyundai,Yellow,Electric,Manual,15610
Nissan,Blue,Petrol,Manual,48153
Hyundai,Black,Electric,Manual,72623
BMW,Gray,Electric,Manual,43716
Audi,Silver,Petrol,Automatic,76063
Honda,Black,Electric,Manual,73308
Honda,Black,Electric,Automatic,54638
BMW,Gray,Diesel,Automatic,48122
Nissan,Silver,Petrol,Manual,56568
Suzuki,Silver,Petrol,Manual,36859
Ford,Silver,Diesel,Automatic,51154
Suzuki,Red,Petrol,Manual,76934
Ford,Red,Electric,Manual,43166
Ford,Red,Electric,Automatic,73915
Toyota,Gray,Diesel,Manual,58708
Honda,Gray,Hybrid,Manual,75670
BMW,Black,Diesel,Automatic,16624
Ford,Gray,Hybrid,Manual,32485
Ford,Blue,Hybrid,Manual,71268
Nissan,White,Diesel,Automatic,37915
Hyundai,White,Diesel,Manual,58255
BMW,Green,Electric,Automatic,71646
Honda,Silver,Electric,Automatic,59532
Audi,Gray,Petrol,Manual,72477
Hyundai,Black,Electric,Manual,22104
Mercedes,Green,Electric,Automatic,43599
Mercedes,Blue,Hybrid,Manual,31693
Toyota,Green,Petrol,Manual,38869
Suzuki,Blue,Electric,Automatic,58475
Honda,Silver,Electric,Automatic,36376
Suzuki,Silver,Diesel,Manual,42554
Suzuki,Black,Electric,Automatic,50909
Toyota,Silver,Electric,Manual,43173
Mercedes,Gray,Hybrid,Automatic,43977
BMW,Yellow,Diesel,Manual,33598
Audi,Gray,Petrol,Manual,59092
Hyundai,White,Diesel,Manual,16600
Toyota,White,Hybrid,Manual,44846
Suzuki,White,Hybrid,Automatic,41191
BMW,Black,Petrol,Manual,66014
Suzuki,White,Diesel,Automatic,18291
Audi,White,Petrol,Automatic,23738
Nissan,Gray,Hybrid,Automatic,69432
Audi,Yellow,Diesel,Automatic,44495
Hyundai,White,Electric,Automatic,56074
BMW,Silver,Hybrid,Manual,61762
Hyundai,White,Electric,Automatic,35952
Audi,Blue,Diesel,Manual,30155
Suzuki,Black,Diesel,Manual,42188
Suzuki,Gray,Hybrid,Automatic,19080
BMW,Green,Hybrid,Manual,71146
Mercedes,Green,Hybrid,Manual,76783
Kia,Silver,Hybrid,Automatic,50272
Audi,White,Hybrid,Manual,32887
Suzuki,Yellow,Petrol,Automatic,37028
Suzuki,Black,Hybrid,Manual,79272
Mercedes,Red,Hybrid,Manual,20501
Suzuki,Black,Hybrid,Manual,18295
Hyundai,Green,Electric,Manual,44799
Kia,Gray,Hybrid,Automatic,64283
Suzuki,Silver,Petrol,Automatic,16270
Audi,Red,Electric,Manual,57607
Honda,Red,Petrol,Manual,28065
Toyota,Black,Diesel,Manual,46035
Honda,White,Hybrid,Automatic,65259
Kia,Black,Petrol,Manual,78223
Hyundai,Blue,Petrol,Automatic,52735
Suzuki,Green,Diesel,Manual,53803
BMW,Blue,Electric,Manual,67181
Mercedes,Red,Electric,Automatic,58353
Kia,Blue,Electric,Manual,70677
Suzuki,Yellow,Petrol,Automatic,77966
Kia,Yellow,Diesel,Automatic,26543
Audi,Silver,Hybrid,Automatic,43545
Mercedes,Silver,Electric,Manual,69442
Honda,Silver,Hybrid,Manual,64183
Nissan,Green,Electric,Manual,47394
Kia,Black,Hybrid,Manual,38253
Hyundai,Gray,Electric,Automatic,51424
Toyota,White,Petrol,Manual,62190
Suzuki,Yellow,Diesel,Automatic,57329
Nissan,Yellow,Petrol,Manual,34283
BMW,Green,Diesel,Automatic,58513
Mercedes,Gray,Hybrid,Automatic,42885
Audi,Gray,Electric,Automatic,32754
Hyundai,Silver,Diesel,Manual,62270
BMW,Gray,Petrol,Manual,27552
BMW,Yellow,Electric,Automatic,79258
Honda,White,Electric,Manual,38650
Ford,Silver,Petrol,Manual,32977
Toyota,Red,Electric,Manual,56803
Nissan,Blue,Petrol,Automatic,45762
Nissan,Yellow,Electric,Manual,78274
Toyota,Silver,Hybrid,Manual,68878
Honda,Green,Hybrid,Manual,52815
Toyota,Black,Diesel,Automatic,20582
BMW,Blue,Hybrid,Manual,65835
Audi,Green,Hybrid,Automatic,34487
Mercedes,Green,Electric,Manual,54952
Honda,White,Diesel,Automatic,58281
Honda,Black,Diesel,Manual,51175
Honda,Black,Petrol,Automatic,44524
Mercedes,Yellow,Electric,Manual,30170
Hyundai,Silver,Hybrid,Manual,60048
BMW,Silver,Diesel,Automatic,22521
Audi,White,Diesel,Automatic,69174
Ford,Blue,Petrol,Manual,66945
Hyundai,Silver,Hybrid,Manual,45716
Hyundai,Green,Electric,Automatic,43688
Honda,Red,Hybrid,Automatic,54564
Hyundai,Red,Petrol,Manual,78039
Mercedes,Red,Electric,Manual,65011
Ford,Yellow,Hybrid,Automatic,26894
Mercedes,Green,Hybrid,Manual,45802
Kia,Green,Electric,Automatic,58917
Honda,Black,Electric,Automatic,60460
Nissan,Silver,Hybrid,Manual,44807
Honda,Gray,Electric,Automatic,22597
Suzuki,Red,Hybrid,Automatic,18552
BMW,Gray,Hybrid,Automatic,64806
Toyota,White,Electric,Manual,75795
Hyundai,Yellow,Hybrid,Manual,16891
Mercedes,White,Diesel,Automatic,51099
Toyota,Green,Petrol,Manual,70142
Honda,Yellow,Petrol,Manual,47661
Hyundai,Silver,Hybrid,Automatic,79241
Nissan,White,Hybrid,Manual,40138
BMW,Black,Petrol,Automatic,65638
Suzuki,Gray,Electric,Manual,33536
Hyundai,Yellow,Diesel,Automatic,50296
Nissan,Gray,Electric,Automatic,44841
Kia,White,Diesel,Automatic,30306
Suzuki,Red,Electric,Automatic,61217
Suzuki,Green,Diesel,Automatic,78230
Toyota,Black,Electric,Manual,72290
Nissan,Blue,Hybrid,Manual,62346
Ford,Green,Diesel,Manual,45768
Hyundai,Gray,Hybrid,Manual,70821
Kia,Green,Electric,Automatic,72172
Audi,Red,Petrol,Manual,56363
Hyundai,White,Petrol,Automatic,79116
Honda,Blue,Hybrid,Manual,60482
Hyundai,Red,Petrol,Automatic,67176
Toyota,Silver,Electric,Automatic,43225
Ford,White,Hybrid,Manual,26140
Ford,Blue,Hybrid,Manual,47615
Mercedes,Black,Diesel,Automatic,56805
Hyundai,Yellow,Electric,Manual,73910
Nissan,Silver,Diesel,Manual,43949
Kia,Silver,Hybrid,Automatic,44939
Hyundai,White,Hybrid,Automatic,21989
BMW,Green,Electric,Automatic,60827
Hyundai,Red,Hybrid,Automatic,15530
Mercedes,Red,Hybrid,Automatic,65838
BMW,Gray,Diesel,Manual,55690
Hyundai,Black,Petrol,Manual,35246
Nissan,Red,Electric,Manual,20906
Hyundai,Gray,Hybrid,Manual,28159
Ford,Gray,Electric,Manual,31840
Nissan,Silver,Electric,Manual,45692
Honda,Black,Diesel,Automatic,78390
Audi,Gray,Petrol,Automatic,15912
Hyundai,Blue,Hybrid,Automatic,59094
Hyundai,Green,Electric,Manual,59226
BMW,Yellow,Petrol,Automatic,74982
Mercedes,White,Petrol,Automatic,74597
Hyundai,Green,Petrol,Manual,17971
Toyota,Silver,Hybrid,Manual,21369
BMW,Black,Hybrid,Automatic,39314
Audi,Green,Diesel,Automatic,57920
Honda,Yellow,Hybrid,Automatic,17144
Kia,White,Hybrid,Automatic,77295
BMW,Gray,Petrol,Automatic,50682
Kia,Red,Hybrid,Automatic,27439
Honda,Yellow,Petrol,Manual,57054
Mercedes,Red,Petrol,Automatic,30962
Ford,White,Petrol,Manual,53429
BMW,White,Electric,Manual,66684
Mercedes,Red,Electric,Manual,79718
Ford,Silver,Diesel,Manual,58323
Toyota,Black,Petrol,Automatic,66772
BMW,Gray,Petrol,Manual,32391
Toyota,Black,Hybrid,Manual,63867
Honda,Yellow,Hybrid,Automatic,48635
Mercedes,Blue,Hybrid,Manual,76958
Mercedes,Red,Electric,Automatic,57161
Toyota,Red,Hybrid,Automatic,42936
Honda,Yellow,Hybrid,Manual,73934
Honda,Gray,Diesel,Manual,23270
Hyundai,Gray,Hybrid,Automatic,44734
Audi,Green,Petrol,Manual,70888
Audi,White,Hybrid,Automatic,73201
BMW,Green,Electric,Automatic,41131
Suzuki,Blue,Electric,Automatic,35481
Hyundai,Gray,Diesel,Automatic,19399
Honda,Blue,Petrol,Automatic,21328
Kia,Black,Petrol,Automatic,58909
Honda,Green,Electric,Automatic,71891
Toyota,Silver,Electric,Automatic,21789
Mercedes,White,Diesel,Automatic,29696
Honda,Gray,Electric,Manual,64978
Hyundai,White,Hybrid,Manual,54911
Hyundai,Red,Diesel,Automatic,61052
Hyundai,Gray,Electric,Manual,26888
Ford,Green,Petrol,Manual,63560
Toyota,Blue,Diesel,Automatic,42514
Nissan,Gray,Diesel,Automatic,35423
Kia,Blue,Petrol,Manual,25316
Mercedes,Red,Petrol,Automatic,44039
Suzuki,Yellow,Hybrid,Automatic,32902
BMW,Blue,Electric,Automatic,22267
Hyundai,Yellow,Electric,Manual,29451
Suzuki,Red,Petrol,Manual,34753
BMW,Black,Electric,Automatic,36503
Honda,Red,Hybrid,Automatic,26514
Ford,Green,Diesel,Automatic,19723
Suzuki,Red,Hybrid,Manual,45130
Honda,Gray,Hybrid,Automatic,61497
Suzuki,Silver,Petrol,Automatic,16366
Kia,Black,Hybrid,Automatic,20775
Suzuki,Blue,Diesel,Automatic,53592
Suzuki,Blue,Hybrid,Automatic,63877
Kia,White,Electric,Manual,20005
Audi,Blue,Diesel,Automatic,38009
Ford,White,Petrol,Manual,31775
BMW,Black,Diesel,Manual,26609
Nissan,Yellow,Hybrid,Automatic,71639
Kia,Black,Hybrid,Manual,45731
Nissan,Silver,Electric,Manual,38064
Audi,Blue,Electric,Automatic,44616
Toyota,Red,Electric,Automatic,20028
Honda,Green,Hybrid,Manual,44473
Mercedes,White,Electric,Automatic,47857
Ford,Red,Hybrid,Manual,68147
Kia,Blue,Diesel,Manual,31236
Nissan,Yellow,Diesel,Automatic,39435
Hyundai,Green,Hybrid,Automatic,59492
Mercedes,Red,Electric,Manual,36606
Honda,Green,Electric,Automatic,62430
Mercedes,Black,Electric,Manual,53190
Ford,Gray,Electric,Automatic,23450
Mercedes,Blue,Electric,Automatic,57171
Kia,Black,Petrol,Automatic,48324
Kia,Red,Electric,Automatic,26813
BMW,Gray,Hybrid,Manual,29846
Ford,Black,Petrol,Automatic,70340
Honda,Red,Electric,Manual,54141
Suzuki,Black,Diesel,Manual,69483
Mercedes,Black,Hybrid,Manual,41926
Kia,White,Hybrid,Automatic,64308
Nissan,White,Diesel,Automatic,78281
Nissan,White,Electric,Automatic,45256
Hyundai,Green,Hybrid,Manual,68535
BMW,Black,Electric,Manual,57020
Nissan,Gray,Petrol,Manual,33681
Honda,Black,Electric,Automatic,74330
Audi,Black,Hybrid,Manual,77024
BMW,Yellow,Electric,Manual,42190
Toyota,Green,Electric,Manual,40307
Honda,Gray,Diesel,Manual,35885
Honda,Gray,Diesel,Manual,17510
Hyundai,Yellow,Diesel,Automatic,44399
Mercedes,Red,Petrol,Manual,31772
BMW,Black,Hybrid,Manual,65867
Hyundai,White,Electric,Manual,18129
BMW,Green,Hybrid,Manual,22265
Nissan,Red,Diesel,Manual,34088
Suzuki,Red,Electric,Manual,52399
Suzuki,Black,Petrol,Automatic,19435
Audi,Red,Hybrid,Automatic,17853
Suzuki,Gray,Electric,Manual,38402
Honda,Gray,Diesel,Manual,65561
Mercedes,Gray,Diesel,Manual,38088
Audi,Gray,Diesel,Automatic,79278
Nissan,Black,Diesel,Manual,61926
Nissan,Red,Electric,Manual,17870
BMW,Red,Electric,Automatic,48776
Suzuki,Yellow,Electric,Manual,64367
BMW,Silver,Electric,Manual,71740
Kia,Silver,Petrol,Automatic,43636
Suzuki,Yellow,Hybrid,Automatic,78813
Ford,Yellow,Hybrid,Automatic,75575
Audi,Silver,Petrol,Automatic,20172
Suzuki,Black,Electric,Automatic,21723
Honda,Gray,Electric,Automatic,44223
Mercedes,Green,Diesel,Automatic,38038
Nissan,Red,Electric,Automatic,32993
Toyota,Blue,Hybrid,Automatic,48625
Ford,Red,Diesel,Automatic,17280
Ford,Blue,Diesel,Automatic,38733
Suzuki,Red,Diesel,Automatic,77182
Kia,Gray,Hybrid,Manual,52612
Ford,Gray,Hybrid,Automatic,57569
Hyundai,White,Petrol,Manual,63213
Ford,Yellow,Hybrid,Manual,32155
Hyundai,Yellow,Diesel,Automatic,60480
Nissan,White,Petrol,Manual,70890
Honda,Yellow,Diesel,Automatic,20753
Kia,Gray,Petrol,Automatic,73414
Hyundai,Black,Diesel,Automatic,48341
BMW,Blue,Diesel,Manual,30514
Nissan,Red,Electric,Automatic,45631
Audi,Black,Petrol,Manual,35269
Suzuki,Yellow,Hybrid,Automatic,68958
Mercedes,Blue,Diesel,Automatic,57096
Honda,Yellow,Hybrid,Automatic,23410
Audi,Black,Diesel,Automatic,47955
Toyota,Blue,Diesel,Automatic,25790
Ford,Gray,Diesel,Automatic,77094
Audi,Silver,Petrol,Automatic,27864
Audi,Silver,Diesel,Automatic,55267
Audi,Blue,Diesel,Manual,26219
Mercedes,Gray,Petrol,Manual,20323
Toyota,Silver,Diesel,Automatic,55508
Toyota,Yellow,Electric,Automatic,46650
BMW,Green,Electric,Automatic,19782
Toyota,Black,Hybrid,Automatic,46735
Nissan,White,Electric,Manual,35485
Kia,Gray,Hybrid,Manual,64850
Kia,Blue,Electric,Manual,45570
Honda,Silver,Hybrid,Manual,24232
Honda,Red,Electric,Automatic,71633
Mercedes,Green,Diesel,Manual,68312
Kia,Gray,Diesel,Manual,47654
Audi,Yellow,Hybrid,Automatic,47595
Toyota,Blue,Hybrid,Automatic,78352
BMW,White,Electric,Manual,18312
Hyundai,Yellow,Hybrid,Automatic,50172
Toyota,Blue,Hybrid,Manual,72832
Hyundai,Gray,Hybrid,Automatic,17965
Suzuki,Red,Diesel,Automatic,51256
Hyundai,Blue,Hybrid,Automatic,65095
Audi,Silver,Petrol,Manual,78903
Honda,Green,Electric,Automatic,51558
Kia,Black,Diesel,Automatic,47773
Toyota,Red,Petrol,Manual,61765
Kia,Yellow,Hybrid,Manual,54731
Audi,Black,Electric,Automatic,25649
Suzuki,Silver,Electric,Automatic,61447
Mercedes,Silver,Hybrid,Manual,39140
Kia,Blue,Hybrid,Automatic,67216
Toyota,Yellow,Electric,Manual,62277
Toyota,Yellow,Diesel,Automatic,24684
BMW,Red,Petrol,Manual,16241
Nissan,Gray,Hybrid,Manual,42063
BMW,Green,Hybrid,Manual,61253
Ford,White,Electric,Automatic,49437
Suzuki,Gray,Diesel,Automatic,74776
Audi,Gray,Electric,Automatic,54981
Nissan,White,Diesel,Automatic,51574
Hyundai,White,Electric,Automatic,61196
BMW,Yellow,Electric,Automatic,37859
Audi,Silver,Electric,Manual,52583
Audi,Green,Hybrid,Automatic,77561
Ford,Silver,Petrol,Automatic,77607
Honda,Gray,Hybrid,Automatic,63977
Nissan,White,Diesel,Automatic,76146
Audi,Silver,Diesel,Manual,55349
Mercedes,White,Diesel,Manual,58898
Audi,White,Diesel,Manual,21566
Suzuki,Gray,Hybrid,Manual,59642
Ford,Red,Diesel,Automatic,57787
Nissan,Yellow,Diesel,Automatic,36048
Hyundai,Red,Petrol,Manual,50071
Toyota,Black,Hybrid,Manual,76205
Toyota,Green,Hybrid,Manual,76381
Hyundai,Red,Petrol,Automatic,52221
Mercedes,Blue,Electric,Automatic,44776
Audi,Yellow,Diesel,Automatic,32880
BMW,Blue,Electric,Manual,62914
Nissan,Silver,Diesel,Manual,63274
Kia,Silver,Diesel,Manual,55039
Suzuki,Green,Electric,Manual,41269
Honda,Black,Diesel,Automatic,36207
BMW,Red,Electric,Automatic,30435
Nissan,Silver,Electric,Automatic,53172
Mercedes,Red,Electric,Automatic,60401
BMW,Red,Petrol,Automatic,35106
Ford,Green,Electric,Manual,56858
Hyundai,Gray,Diesel,Manual,77741
Ford,Yellow,Diesel,Automatic,64003
Mercedes,Gray,Hybrid,Automatic,64633
Audi,White,Diesel,Manual,49439
Nissan,Gray,Petrol,Manual,19047
Audi,White,Diesel,Manual,36503
Audi,Yellow,Petrol,Manual,61983
Mercedes,Yellow,Petrol,Automatic,67998
Toyota,Yellow,Diesel,Automatic,44936
Mercedes,Red,Hybrid,Automatic,62400
Toyota,Green,Electric,Manual,63877
BMW,Blue,Petrol,Automatic,37579
Honda,Red,Petrol,Automatic,17079
Hyundai,Green,Diesel,Manual,65189
Suzuki,Gray,Hybrid,Automatic,71991
Suzuki,Green,Petrol,Manual,57830
Kia,Blue,Diesel,Automatic,49658
Ford,White,Petrol,Manual,79126
Hyundai,Yellow,Hybrid,Automatic,68959
BMW,White,Hybrid,Automatic,25166
Hyundai,White,Petrol,Manual,68049
Suzuki,Red,Diesel,Manual,19409
Honda,Red,Hybrid,Manual,31038
Toyota,Green,Hybrid,Manual,50373
BMW,Red,Diesel,Automatic,30346
Mercedes,Gray,Electric,Manual,34776
Ford,White,Hybrid,Automatic,33032
Toyota,Black,Hybrid,Automatic,18072
Kia,Green,Electric,Automatic,41755
Ford,Silver,Hybrid,Manual,64441
Audi,Yellow,Diesel,Manual,34709
Ford,Yellow,Petrol,Automatic,78424
Suzuki,Black,Hybrid,Manual,31711
BMW,Gray,Petrol,Automatic,70517
Kia,Blue,Diesel,Manual,32593
Suzuki,Red,Petrol,Manual,67733
Mercedes,White,Hybrid,Manual,71981
Kia,Silver,Petrol,Manual,76417
BMW,Blue,Hybrid,Manual,60588
Mercedes,White,Hybrid,Manual,51181
Kia,Silver,Hybrid,Automatic,49973
Kia,Silver,Electric,Automatic,48607
Nissan,Yellow,Petrol,Automatic,64914
Kia,White,Electric,Automatic,42127
Toyota,White,Diesel,Manual,32090
Audi,Green,Electric,Manual,27857
Kia,White,Hybrid,Manual,47722
Audi,Gray,Electric,Automatic,78341
Nissan,Yellow,Diesel,Automatic,26092
Ford,Yellow,Diesel,Manual,49337
Toyota,Blue,Petrol,Manual,42026
Ford,White,Petrol,Manual,15599
BMW,Yellow,Electric,Manual,55490
Mercedes,Yellow,Hybrid,Manual,15433
Audi,Green,Petrol,Manual,49695
Hyundai,Silver,Petrol,Automatic,67833
Ford,Blue,Petrol,Manual,30792
BMW,Silver,Electric,Automatic,67096
Suzuki,Blue,Electric,Automatic,45080
Mercedes,White,Diesel,Automatic,59829
Honda,Red,Petrol,Automatic,39855
Suzuki,Yellow,Petrol,Manual,61061
Ford,Blue,Hybrid,Automatic,57264
Kia,Blue,Petrol,Manual,28855
Mercedes,Yellow,Electric,Manual,75565
Honda,Silver,Petrol,Manual,75867
Kia,Red,Diesel,Manual,64299
Suzuki,Blue,Electric,Manual,51959
BMW,Green,Electric,Automatic,64519
Ford,Blue,Electric,Manual,21401
Suzuki,White,Petrol,Automatic,54660
Mercedes,Green,Electric,Manual,56557
Hyundai,Yellow,Hybrid,Manual,38318
Audi,Green,Hybrid,Manual,59544
Mercedes,Green,Petrol,Automatic,67301
BMW,Blue,Petrol,Automatic,25107
Suzuki,Black,Hybrid,Automatic,38638
Honda,Blue,Petrol,Automatic,44146
Kia,Silver,Petrol,Manual,20721
Ford,Green,Hybrid,Automatic,21769
Toyota,Blue,Electric,Manual,54120
Mercedes,Gray,Hybrid,Manual,34126
Suzuki,Green,Petrol,Manual,52483
Audi,Black,Hybrid,Manual,24099
Hyundai,Silver,Electric,Automatic,24563
Honda,Black,Hybrid,Automatic,42597
Hyundai,Yellow,Petrol,Automatic,31495
BMW,Yellow,Diesel,Automatic,22010
Ford,Silver,Petrol,Automatic,36772
Mercedes,Green,Electric,Automatic,36937
Suzuki,Black,Electric,Automatic,54532
BMW,Yellow,Electric,Manual,78214
Suzuki,Gray,Electric,Automatic,78423
Mercedes,White,Electric,Automatic,33369
Suzuki,Gray,Petrol,Manual,53812
Audi,Black,Petrol,Automatic,76798
BMW,Yellow,Electric,Manual,68671
Suzuki,Yellow,Diesel,Automatic,30861
Hyundai,Black,Hybrid,Automatic,19847
Nissan,Yellow,Hybrid,Automatic,50628
Toyota,Gray,Petrol,Manual,65394
BMW,Gray,Diesel,Manual,51911
Suzuki,Gray,Hybrid,Manual,15691
Honda,Silver,Diesel,Manual,44214
Kia,Green,Hybrid,Manual,37607
Toyota,Yellow,Petrol,Automatic,42261
Honda,Blue,Diesel,Automatic,35440
Kia,Yellow,Diesel,Automatic,37826
Nissan,Blue,Hybrid,Automatic,35900
Honda,Silver,Petrol,Manual,16480
Kia,Blue,Diesel,Manual,48816
Ford,Black,Electric,Automatic,77813
Nissan,White,Hybrid,Manual,27215
Suzuki,Green,Petrol,Manual,44463
Mercedes,Green,Hybrid,Manual,61185
BMW,White,Electric,Manual,52837
Honda,Black,Electric,Automatic,27915
Nissan,Blue,Electric,Automatic,49584
Kia,Green,Hybrid,Manual,37801
Kia,Yellow,Diesel,Automatic,75206
Mercedes,Blue,Diesel,Automatic,22724
BMW,Silver,Petrol,Manual,39464
Ford,Green,Hybrid,Manual,52670
Suzuki,Green,Diesel,Automatic,56648
Audi,Black,Diesel,Automatic,33929
Ford,Black,Electric,Automatic,55593
Toyota,Gray,Petrol,Automatic,23947
BMW,Green,Hybrid,Automatic,59872
Nissan,Green,Hybrid,Automatic,25961
Honda,Red,Diesel,Automatic,17142
Hyundai,White,Electric,Manual,66166
Nissan,Yellow,Petrol,Manual,32556
Audi,Gray,Petrol,Automatic,50805
BMW,Green,Petrol,Manual,34510
Toyota,Yellow,Electric,Automatic,71505
Honda,Yellow,Petrol,Manual,28754
Mercedes,Gray,Hybrid,Manual,55380
Ford,White,Diesel,Manual,52360
Kia,Silver,Diesel,Automatic,79159
Hyundai,Silver,Electric,Manual,23885
Suzuki,Red,Electric,Manual,60968
Ford,White,Diesel,Automatic,69295
BMW,Green,Hybrid,Manual,52842
Hyundai,Green,Hybrid,Automatic,19949
Honda,Green,Electric,Automatic,44798
Nissan,Gray,Petrol,Manual,62902
Nissan,Gray,Petrol,Automatic,29275
Suzuki,White,Hybrid,Automatic,36159
Hyundai,Gray,Diesel,Automatic,66662
Kia,Red,Petrol,Manual,56037
Nissan,Red,Petrol,Manual,43920
Nissan,Red,Hybrid,Manual,60127
Ford,Silver,Diesel,Automatic,21117
Kia,Silver,Petrol,Automatic,58549
Ford,Red,Hybrid,Automatic,62578
BMW,Green,Petrol,Manual,15071
BMW,Yellow,Petrol,Manual,53907
BMW,Yellow,Petrol,Manual,60586
Kia,Blue,Hybrid,Manual,46306
Honda,White,Hybrid,Manual,62891
Honda,Blue,Electric,Automatic,72736
Hyundai,Black,Hybrid,Manual,57046
Ford,Blue,Petrol,Manual,43842
Kia,White,Diesel,Automatic,55375
Nissan,White,Petrol,Manual,24175
Honda,Green,Electric,Automatic,35611
Ford,White,Electric,Manual,31263
Audi,Silver,Petrol,Automatic,28464
Audi,White,Hybrid,Automatic,57347
Toyota,White,Hybrid,Automatic,22388
BMW,Yellow,Petrol,Manual,79676
Kia,Gray,Diesel,Automatic,71414
Mercedes,Green,Electric,Manual,64986
Nissan,Blue,Petrol,Manual,15903
Hyundai,White,Petrol,Manual,77172
Suzuki,Silver,Hybrid,Automatic,60993
Suzuki,Blue,Diesel,Automatic,20478
Hyundai,Blue,Diesel,Manual,50152
Kia,Green,Petrol,Automatic,60788
Suzuki,White,Petrol,Manual,20650
Suzuki,Blue,Hybrid,Manual,35269
Ford,Blue,Petrol,Manual,60973
Toyota,Black,Hybrid,Automatic,49275
Audi,Silver,Diesel,Automatic,23318
Hyundai,Blue,Petrol,Automatic,67894
Suzuki,Silver,Petrol,Automatic,61682
Mercedes,Blue,Hybrid,Automatic,48474
Kia,Red,Hybrid,Manual,39096
Ford,Silver,Petrol,Manual,29968
Audi,Red,Petrol,Manual,31026
Toyota,Yellow,Electric,Automatic,75307
Ford,Black,Petrol,Automatic,29713
Kia,White,Hybrid,Automatic,32777
Honda,Gray,Petrol,Manual,26753
BMW,Red,Hybrid,Manual,72474
Nissan,Silver,Electric,Automatic,20661
Audi,Yellow,Petrol,Automatic,28151
Hyundai,Silver,Diesel,Automatic,39135
Mercedes,Yellow,Diesel,Manual,24867
Toyota,Green,Petrol,Manual,50490
Kia,Red,Electric,Manual,64737
Suzuki,Silver,Petrol,Manual,49721
BMW,Green,Hybrid,Manual,78737
Ford,Silver,Petrol,Manual,75376
BMW,Green,Electric,Automatic,78868
Honda,Blue,Diesel,Automatic,19904
Mercedes,Red,Hybrid,Manual,30517
Hyundai,Silver,Electric,Automatic,60922
Kia,Gray,Hybrid,Automatic,30309
Honda,White,Diesel,Manual,25184
Honda,Black,Hybrid,Automatic,35580
Suzuki,Blue,Electric,Manual,44616
Hyundai,Yellow,Electric,Manual,20925
Ford,Silver,Petrol,Manual,69783
Kia,Black,Petrol,Manual,78465
Kia,Green,Petrol,Automatic,32050
Ford,Red,Hybrid,Automatic,51434
Audi,White,Petrol,Automatic,21678
Ford,Blue,Petrol,Manual,69419
BMW,Black,Diesel,Automatic,39395
Honda,Silver,Petrol,Manual,19225
BMW,Yellow,Diesel,Manual,74315
Kia,Blue,Petrol,Automatic,18318
Ford,Green,Hybrid,Automatic,16932
Suzuki,Green,Diesel,Automatic,29071
Ford,Silver,Electric,Automatic,72896
Ford,Red,Diesel,Automatic,47695
Suzuki,Yellow,Petrol,Manual,33335
Suzuki,Black,Hybrid,Manual,57116
Audi,White,Petrol,Automatic,66243
Kia,Yellow,Hybrid,Automatic,74813
Mercedes,Gray,Hybrid,Automatic,26784
Toyota,Gray,Diesel,Manual,73704
Hyundai,Red,Hybrid,Automatic,65255
Mercedes,White,Diesel,Manual,31243
BMW,Silver,Petrol,Manual,52728
Suzuki,Gray,Diesel,Manual,30502
Mercedes,Gray,Electric,Manual,61101
Kia,Black,Diesel,Automatic,50528
Hyundai,Black,Hybrid,Manual,20915
Toyota,White,Diesel,Manual,49501
Nissan,Red,Electric,Manual,67851
Ford,Gray,Diesel,Automatic,18903
Toyota,Black,Diesel,Manual,70474
Audi,Gray,Petrol,Automatic,61172
Suzuki,Blue,Electric,Automatic,36142
Ford,Black,Hybrid,Automatic,57544
Kia,Black,Electric,Manual,58616
Mercedes,Black,Hybrid,Automatic,63103
Hyundai,Black,Diesel,Manual,77179
Mercedes,Green,Petrol,Manual,54478
Kia,White,Petrol,Automatic,24217
Kia,Blue,Diesel,Automatic,79381
Kia,Black,Petrol,Automatic,44270
Toyota,Silver,Diesel,Manual,60427
Honda,Gray,Electric,Manual,62213
Toyota,Red,Hybrid,Automatic,63010
Suzuki,Black,Hybrid,Automatic,72787
Suzuki,Gray,Hybrid,Manual,69316
Nissan,White,Diesel,Automatic,19830
Toyota,Silver,Petrol,Automatic,32113
Honda,Blue,Electric,Manual,73191
Suzuki,Black,Petrol,Manual,37147
Mercedes,Yellow,Petrol,Automatic,76763
Ford,Green,Diesel,Manual,21636
Kia,White,Diesel,Automatic,60691
Audi,Silver,Electric,Automatic,30567
Honda,Red,Hybrid,Automatic,25065
Toyota,Gray,Petrol,Automatic,20742
Hyundai,Yellow,Diesel,Manual,16686
BMW,Black,Electric,Manual,46035
Honda,Silver,Hybrid,Automatic,47053
Hyundai,Blue,Hybrid,Manual,39315
Suzuki,Gray,Diesel,Automatic,17924
Hyundai,Yellow,Hybrid,Automatic,29827
Hyundai,Red,Diesel,Manual,20616
Kia,Green,Diesel,Manual,70102
Suzuki,Green,Hybrid,Manual,46212
Hyundai,Blue,Hybrid,Manual,47905
Mercedes,Black,Petrol,Automatic,26329
Ford,White,Diesel,Manual,17796
Suzuki,Blue,Hybrid,Manual,68907
Ford,Silver,Electric,Manual,20703
Suzuki,Green,Electric,Automatic,49058
Nissan,Red,Hybrid,Manual,42160
Ford,Black,Petrol,Manual,51876
Honda,Silver,Electric,Automatic,32310
Suzuki,Yellow,Hybrid,Manual,26285
Hyundai,Green,Diesel,Automatic,17541
Suzuki,Gray,Diesel,Manual,63873
Nissan,Silver,Electric,Manual,37142
Hyundai,Silver,Electric,Automatic,71245
Honda,White,Diesel,Automatic,78846
Nissan,Gray,Electric,Automatic,54647
Honda,White,Hybrid,Manual,74862
Suzuki,Yellow,Electric,Manual,48768
Ford,Blue,Electric,Automatic,23889
Audi,Red,Diesel,Manual,72355
BMW,Red,Diesel,Manual,44913
Toyota,Gray,Diesel,Automatic,39140
Nissan,Green,Petrol,Manual,30855
Kia,Yellow,Hybrid,Manual,77948
Nissan,Gray,Electric,Manual,69896
Hyundai,Blue,Electric,Manual,40333
Toyota,Black,Diesel,Manual,57426
BMW,White,Electric,Automatic,48638
Toyota,Red,Hybrid,Manual,57426
Ford,Red,Diesel,Automatic,54868
Hyundai,Silver,Hybrid,Automatic,70809
Kia,Yellow,Electric,Manual,45585
Hyundai,Green,Petrol,Manual,48522
Kia,Silver,Electric,Manual,46571
Honda,Gray,Electric,Automatic,71458
Hyundai,Silver,Electric,Manual,24825
Audi,White,Petrol,Automatic,58288
Kia,Black,Petrol,Automatic,34372
Hyundai,Green,Hybrid,Automatic,63282
Toyota,White,Electric,Manual,59978
Audi,Yellow,Electric,Automatic,70405
Ford,Black,Electric,Manual,45853
Ford,Silver,Diesel,Automatic,57889
Honda,White,Electric,Manual,63772
Hyundai,Green,Electric,Automatic,32076
Mercedes,Silver,Hybrid,Manual,45837
Toyota,Blue,Hybrid,Manual,47799
Honda,Green,Electric,Automatic,18543
Ford,Black,Diesel,Automatic,41816
Mercedes,Yellow,Diesel,Automatic,71517
Ford,Blue,Hybrid,Automatic,56355
Ford,Gray,Petrol,Manual,44625
Hyundai,White,Diesel,Manual,47084
Honda,Black,Hybrid,Automatic,41436
Suzuki,Yellow,Hybrid,Manual,17472
Audi,White,Electric,Manual,73458
Kia,White,Petrol,Manual,56070
BMW,White,Electric,Automatic,23449
Honda,Green,Electric,Manual,19278
Toyota,Silver,Electric,Automatic,62699
Audi,Gray,Hybrid,Manual,37461
Nissan,Gray,Diesel,Manual,77133
Suzuki,Red,Diesel,Manual,62655
Ford,White,Petrol,Manual,23071
Kia,Red,Hybrid,Automatic,65544
Audi,Red,Petrol,Manual,57832
Toyota,Red,Petrol,Automatic,44118
Suzuki,Blue,Electric,Automatic,60997
Ford,White,Petrol,Automatic,42582
Honda,Silver,Diesel,Automatic,69437
Honda,Blue,Electric,Manual,66430
Honda,Yellow,Diesel,Manual,65984
Hyundai,White,Electric,Automatic,34356
Ford,Red,Hybrid,Manual,60102
Nissan,Gray,Diesel,Manual,15835
Honda,Blue,Hybrid,Manual,77222
Honda,Blue,Petrol,Automatic,57227
BMW,Yellow,Electric,Automatic,45426
Toyota,Blue,Diesel,Manual,70852
Hyundai,Gray,Electric,Automatic,63400
Honda,Blue,Petrol,Manual,70836
Ford,Black,Electric,Automatic,73623
Nissan,Silver,Petrol,Automatic,68409
Kia,Black,Petrol,Automatic,41230
Nissan,Silver,Hybrid,Automatic,67422
Suzuki,Black,Petrol,Manual,60624
Toyota,Black,Petrol,Automatic,74718
Mercedes,Yellow,Hybrid,Manual,55063
Suzuki,Gray,Petrol,Manual,46659
Nissan,Blue,Hybrid,Automatic,18012
Honda,Silver,Electric,Manual,61174
Audi,White,Electric,Manual,43367
BMW,Yellow,Electric,Automatic,24742
Audi,Red,Petrol,Manual,48132
Nissan,Yellow,Diesel,Manual,64245
Nissan,Gray,Diesel,Automatic,78579
Hyundai,Red,Diesel,Automatic,41429
BMW,Blue,Hybrid,Automatic,67511
Mercedes,Yellow,Petrol,Automatic,44299
Kia,Blue,Hybrid,Manual,21726
Suzuki,Green,Petrol,Manual,69126
Honda,Silver,Diesel,Automatic,77282
Kia,Gray,Petrol,Manual,70333
Nissan,Gray,Hybrid,Automatic,61918
Nissan,Blue,Petrol,Manual,15143
Kia,Gray,Electric,Automatic,61012
Honda,Red,Diesel,Automatic,24204
Suzuki,Blue,Electric,Manual,27290
Honda,Green,Diesel,Automatic,69037
BMW,Gray,Petrol,Automatic,18047
Mercedes,Blue,Hybrid,Automatic,58152
Mercedes,Black,Hybrid,Manual,49757
Toyota,Green,Hybrid,Manual,60338
Mercedes,Black,Diesel,Manual,40389
Mercedes,Gray,Hybrid,Automatic,79192
Mercedes,White,Electric,Automatic,78150
Kia,Silver,Hybrid,Manual,24055
Suzuki,Silver,Electric,Manual,28165
BMW,Silver,Electric,Manual,79312
Ford,Gray,Petrol,Automatic,51849
Nissan,Green,Electric,Automatic,67973
Toyota,Blue,Petrol,Automatic,24524
Toyota,Red,Diesel,Automatic,64164
Ford,Silver,Electric,Manual,70009
Toyota,Silver,Diesel,Manual,38506
Nissan,Blue,Diesel,Automatic,30571
Audi,Silver,Petrol,Automatic,40398
Suzuki,Gray,Petrol,Manual,63737
Hyundai,White,Hybrid,Manual,74735
Kia,White,Diesel,Automatic,44413
Ford,Blue,Diesel,Manual,63174
Audi,Blue,Hybrid,Manual,43082
Hyundai,Silver,Diesel,Manual,53272
Hyundai,Red,Electric,Automatic,61510
Ford,Red,Diesel,Automatic,54117
Toyota,Silver,Hybrid,Automatic,19776
Kia,White,Diesel,Manual,66528
Audi,Black,Hybrid,Automatic,21025
Kia,White,Diesel,Automatic,36696
Kia,Silver,Diesel,Automatic,51787
Toyota,Blue,Electric,Automatic,30751
Mercedes,White,Petrol,Automatic,39993
Honda,Green,Electric,Automatic,16619
Audi,Gray,Hybrid,Automatic,17873
Hyundai,White,Electric,Manual,77142
Honda,Black,Petrol,Manual,28813
BMW,Green,Petrol,Manual,50242
Suzuki,Blue,Diesel,Manual,45095
Kia,Red,Petrol,Manual,18556
Ford,Silver,Petrol,Manual,74702
Hyundai,Green,Hybrid,Automatic,56301
Suzuki,Green,Electric,Manual,40526
Honda,Red,Petrol,Manual,60933
Honda,Gray,Petrol,Automatic,66569
Hyundai,Blue,Electric,Automatic,39996
Suzuki,Red,Hybrid,Manual,49961
BMW,Black,Hybrid,Automatic,77923
Ford,Silver,Electric,Manual,51275
Audi,Black,Petrol,Manual,15329
Mercedes,Green,Petrol,Automatic,28766
Kia,White,Hybrid,Manual,25548
Ford,White,Electric,Manual,22511
Ford,Red,Hybrid,Manual,34048
Honda,Silver,Petrol,Manual,62552
Mercedes,Yellow,Electric,Automatic,23402
BMW,Blue,Electric,Manual,73990
BMW,Gray,Hybrid,Automatic,36518
Mercedes,Silver,Diesel,Automatic,67933
Kia,Green,Diesel,Manual,35526
BMW,White,Hybrid,Automatic,70057
Kia,Black,Electric,Automatic,45333
Nissan,Gray,Electric,Automatic,51154
Honda,Black,Petrol,Automatic,71276
Ford,White,Electric,Manual,62672
Honda,Red,Petrol,Automatic,65410
Mercedes,White,Petrol,Automatic,50616
Audi,Yellow,Diesel,Automatic,40722
BMW,Silver,Diesel,Automatic,47841
Audi,Blue,Hybrid,Automatic,47910
Toyota,White,Diesel,Manual,44243
Ford,Black,Diesel,Automatic,76549
Kia,Red,Diesel,Automatic,30187
Honda,Silver,Electric,Manual,17805
BMW,Gray,Hybrid,Automatic,75155
Nissan,Red,Petrol,Automatic,21764
Audi,Silver,Electric,Manual,39684
Suzuki,Gray,Petrol,Automatic,39663
BMW,Green,Electric,Automatic,46906
Nissan,Red,Diesel,Automatic,25853
BMW,Blue,Electric,Manual,24846
Ford,Black,Electric,Manual,58326
BMW,Green,Electric,Manual,46556
Nissan,Yellow,Diesel,Manual,57418
Suzuki,Red,Diesel,Manual,23381
Mercedes,Black,Diesel,Manual,73379
Mercedes,Black,Petrol,Manual,31925
Ford,Green,Petrol,Automatic,77079
Honda,White,Hybrid,Automatic,71839
Nissan,Black,Diesel,Automatic,54376
Ford,Black,Electric,Manual,62460
Kia,Yellow,Petrol,Manual,39786
Suzuki,Black,Petrol,Manual,28261
Audi,Green,Diesel,Manual,26627
Nissan,Red,Petrol,Manual,46604
Ford,Red,Hybrid,Automatic,39273
Toyota,Green,Diesel,Automatic,66744
Suzuki,Gray,Petrol,Automatic,23774
Hyundai,Yellow,Diesel,Manual,33564
Mercedes,Green,Electric,Manual,15358
Toyota,Blue,Petrol,Automatic,57896
BMW,Gray,Hybrid,Automatic,21985
Ford,Green,Electric,Automatic,71031
Audi,Green,Electric,Automatic,79998
Suzuki,White,Hybrid,Automatic,26712
Kia,Yellow,Electric,Automatic,52856
Kia,Green,Diesel,Manual,64008
BMW,Yellow,Diesel,Manual,29054
Audi,Green,Electric,Manual,25534
Suzuki,Red,Petrol,Manual,45911
Mercedes,Green,Petrol,Manual,32241
BMW,Gray,Petrol,Manual,62480
Suzuki,Green,Electric,Manual,76978
Ford,Yellow,Hybrid,Manual,28219
Audi,Silver,Diesel,Manual,66377
Mercedes,White,Diesel,Manual,38575
BMW,Red,Diesel,Manual,33083
Suzuki,Gray,Hybrid,Automatic,53409
BMW,Red,Petrol,Manual,51018
Hyundai,Gray,Electric,Automatic,29830
Mercedes,White,Hybrid,Automatic,52677
Toyota,Silver,Diesel,Automatic,48176
Honda,Blue,Electric,Automatic,77063
Honda,Silver,Electric,Automatic,78311
Suzuki,Yellow,Diesel,Automatic,77995
Nissan,Yellow,Petrol,Automatic,22619
Hyundai,Blue,Hybrid,Manual,59362
BMW,Gray,Hybrid,Automatic,48849
Audi,Red,Electric,Manual,33827
Honda,Green,Electric,Manual,51343
Ford,Yellow,Electric,Automatic,29323
Mercedes,Silver,Diesel,Manual,47702
BMW,White,Diesel,Automatic,28551
BMW,White,Diesel,Automatic,25223
Honda,Blue,Petrol,Automatic,55227
Toyota,Red,Hybrid,Automatic,55676
Kia,Yellow,Electric,Automatic,26984
Audi,Silver,Hybrid,Manual,64163
Mercedes,Black,Petrol,Automatic,46347
Audi,Red,Electric,Automatic,71387
Ford,Yellow,Petrol,Automatic,35686
Toyota,Red,Diesel,Automatic,53076
Honda,Gray,Electric,Automatic,27265
Audi,Silver,Diesel,Automatic,45890
Mercedes,Gray,Electric,Manual,47687
Suzuki,White,Hybrid,Automatic,38925
Suzuki,Silver,Hybrid,Manual,52447
Ford,White,Petrol,Automatic,67696
BMW,Green,Hybrid,Manual,24558
Ford,Yellow,Petrol,Manual,42624
Nissan,Black,Electric,Automatic,34663
Hyundai,Red,Hybrid,Manual,60255
Ford,Red,Diesel,Automatic,46230
Honda,Yellow,Electric,Automatic,38656
Kia,Silver,Electric,Manual,41985
Honda,Gray,Diesel,Manual,79184
Hyundai,Gray,Electric,Automatic,65773
Nissan,Blue,Hybrid,Automatic,45392
Ford,Black,Electric,Automatic,56371
Mercedes,Green,Petrol,Manual,25616
Kia,White,Electric,Automatic,57795
Hyundai,Silver,Hybrid,Automatic,73175
Nissan,Gray,Hybrid,Automatic,25965
Ford,Red,Diesel,Manual,58386
Hyundai,Blue,Diesel,Manual,41020
Honda,Blue,Petrol,Automatic,50942
Toyota,Red,Hybrid,Manual,21811
Hyundai,Black,Petrol,Automatic,35274
BMW,White,Electric,Automatic,56057
Ford,Black,Diesel,Manual,17303
Kia,Gray,Hybrid,Automatic,78896
Audi,Silver,Hybrid,Manual,78539
Audi,Black,Hybrid,Automatic,49305
Audi,Silver,Electric,Automatic,50367
BMW,Blue,Hybrid,Automatic,38971
Suzuki,Silver,Diesel,Automatic,15691
Toyota,Black,Electric,Automatic,45749
Audi,Red,Hybrid,Automatic,34635
Toyota,Green,Electric,Manual,67216
Toyota,Gray,Diesel,Automatic,72813
Audi,Green,Hybrid,Manual,25700
Suzuki,Green,Diesel,Automatic,20191
Suzuki,White,Electric,Automatic,57497
Audi,Silver,Hybrid,Manual,70933
Honda,Black,Diesel,Automatic,22232
Nissan,Yellow,Electric,Automatic,27306
Kia,Red,Diesel,Manual,78551
Audi,Red,Diesel,Manual,33488
Hyundai,Black,Hybrid,Manual,30257
Honda,Black,Petrol,Automatic,29233
Kia,Green,Electric,Automatic,39339
Nissan,Red,Electric,Manual,70282
Ford,Red,Electric,Automatic,19678
Audi,Yellow,Diesel,Manual,73700
Hyundai,Green,Petrol,Manual,78871
BMW,Green,Hybrid,Manual,63340
Toyota,White,Hybrid,Manual,49153
BMW,Yellow,Hybrid,Automatic,76355
Kia,Black,Petrol,Manual,31601
Nissan,Silver,Diesel,Automatic,73164
Toyota,White,Petrol,Manual,56478
Suzuki,Gray,Petrol,Manual,67061
Hyundai,Blue,Hybrid,Manual,15585
Toyota,Yellow,Diesel,Automatic,65514
Honda,White,Diesel,Automatic,20990
Mercedes,Gray,Petrol,Manual,38299
Ford,Blue,Diesel,Automatic,30248
Kia,Gray,Hybrid,Manual,16399
Suzuki,Gray,Diesel,Automatic,73894
Toyota,Yellow,Hybrid,Automatic,50568
Nissan,White,Diesel,Automatic,36212
Nissan,Silver,Diesel,Manual,49808
Ford,Yellow,Electric,Automatic,50494
Kia,Yellow,Petrol,Automatic,63080
Ford,Red,Electric,Manual,36017
Honda,Green,Diesel,Automatic,65183
Audi,Black,Electric,Automatic,41856
Kia,Blue,Petrol,Manual,17868
Ford,Black,Petrol,Manual,22015
Nissan,White,Petrol,Manual,52421
Suzuki,Yellow,Electric,Manual,39009
BMW,Blue,Petrol,Manual,57975
Nissan,Blue,Hybrid,Manual,38653
Audi,Green,Electric,Manual,68978
Mercedes,Silver,Petrol,Manual,69686
Hyundai,Blue,Diesel,Manual,21633
BMW,Green,Diesel,Manual,49484
BMW,Black,Hybrid,Manual,65219
Mercedes,Gray,Hybrid,Automatic,72856
Honda,Black,Diesel,Automatic,48075
Kia,Black,Hybrid,Automatic,74145
Kia,Gray,Electric,Automatic,65081
Suzuki,Gray,Diesel,Manual,39580
Audi,Silver,Electric,Automatic,44327
Suzuki,Red,Petrol,Automatic,54043
Toyota,Black,Electric,Manual,34682
BMW,White,Electric,Manual,65562
Hyundai,Black,Petrol,Manual,45170
Kia,Black,Diesel,Automatic,39057
Mercedes,White,Diesel,Automatic,68154
Hyundai,Blue,Hybrid,Manual,63120
Honda,Gray,Hybrid,Manual,46999
Mercedes,Blue,Electric,Manual,62893
Mercedes,Green,Petrol,Manual,75415
Kia,Gray,Hybrid,Automatic,75964
Honda,White,Petrol,Automatic,18547
Hyundai,Red,Electric,Manual,36419
Audi,White,Diesel,Manual,59147
Suzuki,Yellow,Petrol,Manual,43307
Hyundai,Green,Diesel,Manual,37031
Honda,Yellow,Petrol,Automatic,32206
Honda,Green,Hybrid,Manual,64940
Ford,Yellow,Diesel,Automatic,40907
Mercedes,White,Diesel,Manual,19695
Hyundai,Green,Electric,Manual,22374
Suzuki,Green,Electric,Automatic,27483
Kia,Gray,Petrol,Automatic,26092
Kia,Yellow,Diesel,Automatic,17941
BMW,White,Electric,Manual,64658
Honda,Blue,Petrol,Manual,77189
Mercedes,Black,Electric,Manual,37496
Honda,Silver,Hybrid,Automatic,16490
Kia,White,Diesel,Manual,50810
Audi,Silver,Hybrid,Manual,60552
Toyota,Green,Petrol,Automatic,26162
Toyota,Silver,Diesel,Automatic,18478
Nissan,Red,Petrol,Automatic,58278
Hyundai,Gray,Petrol,Manual,34168
Suzuki,White,Hybrid,Manual,74236
Kia,Yellow,Petrol,Manual,28033
Audi,Yellow,Petrol,Manual,31213
Audi,Silver,Electric,Automatic,40781
Ford,Red,Electric,Automatic,38290
Hyundai,White,Electric,Manual,56011
Hyundai,Green,Petrol,Automatic,29783
Ford,Gray,Hybrid,Manual,20753
Suzuki,White,Hybrid,Manual,52545
Ford,Green,Electric,Automatic,44436
Audi,Black,Diesel,Manual,53078
Audi,White,Diesel,Automatic,60123
Audi,Black,Hybrid,Manual,58006
Mercedes,Black,Electric,Manual,51525
Audi,Blue,Diesel,Automatic,70018
Ford,Red,Electric,Automatic,77992
Suzuki,Silver,Hybrid,Automatic,24958
BMW,Blue,Diesel,Manual,16716
Mercedes,Silver,Diesel,Manual,30133
Toyota,Gray,Petrol,Automatic,23787
Audi,Yellow,Electric,Manual,70845
Suzuki,Yellow,Hybrid,Manual,25733
BMW,White,Petrol,Automatic,65104
Toyota,Silver,Hybrid,Manual,63651
BMW,White,Petrol,Manual,75758
Nissan,Yellow,Electric,Automatic,73168
BMW,Green,Hybrid,Manual,54841
Suzuki,Gray,Hybrid,Manual,49121
Honda,Yellow,Hybrid,Manual,72526
BMW,Green,Petrol,Automatic,48824
Toyota,White,Electric,Automatic,41085
Hyundai,Silver,Hybrid,Manual,42686
Hyundai,Red,Diesel,Automatic,69387
Nissan,Blue,Petrol,Manual,66034
Mercedes,Black,Hybrid,Automatic,36198
Nissan,Red,Diesel,Automatic,53686
BMW,Yellow,Petrol,Automatic,36238
Ford,Blue,Petrol,Manual,61283
Nissan,Gray,Petrol,Automatic,62636
Audi,Black,Hybrid,Automatic,17877
Ford,Gray,Diesel,Manual,71938
Ford,Black,Petrol,Automatic,35189
Hyundai,Yellow,Electric,Manual,22704
Ford,White,Petrol,Automatic,15800
Nissan,Yellow,Hybrid,Manual,54844
Nissan,White,Diesel,Automatic,44736
Suzuki,Yellow,Petrol,Manual,31037
Audi,Silver,Diesel,Manual,27113
Ford,Red,Electric,Manual,24527
Toyota,Silver,Electric,Manual,18213
Honda,Green,Diesel,Manual,59046
Hyundai,Black,Hybrid,Automatic,76045
Toyota,Blue,Electric,Automatic,39154
Suzuki,Blue,Hybrid,Manual,34191
Nissan,Black,Petrol,Automatic,36575
Audi,Green,Diesel,Manual,55111
Toyota,Blue,Petrol,Automatic,62452
Mercedes,Silver,Hybrid,Automatic,32017
Audi,Gray,Diesel,Automatic,49059
Nissan,Yellow,Diesel,Manual,61437
Hyundai,White,Petrol,Manual,16571
Nissan,Blue,Diesel,Automatic,42134
Toyota,Gray,Electric,Manual,15740
BMW,Silver,Electric,Manual,35170
Hyundai,Gray,Petrol,Manual,59946
Kia,Gray,Hybrid,Manual,69528
Ford,White,Electric,Automatic,75442
Nissan,Yellow,Petrol,Manual,46555
Ford,Yellow,Electric,Automatic,66379
Suzuki,Red,Electric,Automatic,51384
Audi,Red,Diesel,Automatic,67398
Kia,Blue,Diesel,Automatic,70098
Toyota,Gray,Hybrid,Manual,52419
Mercedes,Green,Diesel,Manual,71662
Hyundai,Gray,Petrol,Automatic,42123
Honda,Yellow,Diesel,Automatic,44616
Hyundai,White,Electric,Manual,22355
Kia,Red,Diesel,Manual,44083
Audi,Red,Hybrid,Manual,27465
Kia,Yellow,Electric,Automatic,24390
Honda,Black,Diesel,Manual,45105
Suzuki,Blue,Petrol,Automatic,76101
Toyota,Blue,Electric,Automatic,73273
Toyota,Blue,Electric,Manual,52850
Hyundai,White,Electric,Manual,27618
Hyundai,Silver,Electric,Automatic,58982
Honda,Silver,Diesel,Manual,32933
Honda,Red,Petrol,Manual,50555
Kia,Gray,Electric,Manual,76818
Hyundai,White,Diesel,Manual,35406
Mercedes,Gray,Hybrid,Manual,23524
Toyota,Yellow,Petrol,Manual,40139
Toyota,Blue,Hybrid,Automatic,26729
Mercedes,Yellow,Electric,Automatic,36779
BMW,Blue,Hybrid,Manual,21089
Nissan,Blue,Hybrid,Automatic,59857
Nissan,Yellow,Diesel,Manual,24418
Mercedes,Silver,Electric,Automatic,27016
Kia,Gray,Hybrid,Automatic,16983
Honda,Yellow,Petrol,Automatic,46368
Nissan,Black,Electric,Automatic,54612
Mercedes,Black,Petrol,Automatic,68579
Honda,Gray,Petrol,Automatic,49914
Nissan,Green,Hybrid,Manual,55689
BMW,Black,Hybrid,Automatic,19329
Kia,White,Hybrid,Automatic,52172
Kia,White,Diesel,Manual,63455
Mercedes,Yellow,Petrol,Automatic,36323
Audi,Blue,Hybrid,Manual,35187
Suzuki,Blue,Petrol,Automatic,36457
Nissan,Red,Petrol,Manual,68545
Ford,Red,Diesel,Manual,44686
Audi,Silver,Hybrid,Automatic,27823
BMW,Gray,Electric,Automatic,75194
Suzuki,Gray,Petrol,Manual,55074
Audi,Green,Diesel,Automatic,19090
Kia,Red,Petrol,Automatic,22189
Hyundai,Red,Diesel,Automatic,61020
Mercedes,Green,Electric,Automatic,41609
Suzuki,Green,Diesel,Manual,46121
Ford,White,Hybrid,Automatic,70047
Suzuki,Black,Electric,Manual,23800
Toyota,Blue,Petrol,Manual,62273
Nissan,Green,Diesel,Manual,23992
Suzuki,Yellow,Hybrid,Manual,44779
Audi,Green,Hybrid,Automatic,38285
BMW,Black,Hybrid,Manual,52875
Nissan,White,Electric,Automatic,75723
Audi,Gray,Petrol,Manual,52234
Nissan,Gray,Petrol,Automatic,78028
Honda,Black,Electric,Automatic,48878
Honda,Blue,Diesel,Automatic,56331
Honda,Silver,Petrol,Automatic,50063
Toyota,Yellow,Hybrid,Automatic,52615
Kia,Green,Electric,Automatic,33953
Ford,Red,Electric,Automatic,19025
Nissan,Black,Petrol,Automatic,68011
Mercedes,Red,Electric,Automatic,20407
Ford,Blue,Electric,Automatic,23686
Mercedes,Silver,Electric,Automatic,15930
Honda,Black,Diesel,Automatic,39233
Ford,Silver,Diesel,Automatic,26849
Audi,Red,Electric,Manual,78395
Ford,Black,Hybrid,Automatic,65486
Suzuki,White,Hybrid,Manual,28818
Mercedes,Gray,Petrol,Automatic,64511
Honda,Red,Diesel,Automatic,41132
Nissan,Silver,Hybrid,Manual,39890
Suzuki,Yellow,Electric,Manual,49763
Suzuki,Red,Electric,Automatic,40035
Kia,Red,Petrol,Automatic,77664
Suzuki,Silver,Electric,Automatic,32503
Honda,Silver,Hybrid,Automatic,65669
BMW,White,Electric,Manual,35530
Audi,Red,Petrol,Manual,15783
Suzuki,Blue,Petrol,Automatic,38036
BMW,Silver,Electric,Manual,17230
Toyota,Blue,Petrol,Manual,77291
Mercedes,Blue,Petrol,Manual,71127
Mercedes,Black,Hybrid,Manual,73720
Honda,Black,Electric,Automatic,45602
Honda,Yellow,Electric,Automatic,60365
Kia,Silver,Diesel,Manual,33172
Toyota,Green,Hybrid,Automatic,18936
Hyundai,Silver,Diesel,Automatic,19548
Nissan,White,Hybrid,Manual,57302
Nissan,Blue,Diesel,Automatic,29312
Mercedes,Blue,Hybrid,Automatic,21769
Toyota,Blue,Petrol,Automatic,65937
Nissan,Red,Hybrid,Manual,57786
Toyota,Red,Hybrid,Automatic,24935
Kia,Green,Petrol,Automatic,46335
Suzuki,Green,Petrol,Manual,15216
Suzuki,Yellow,Petrol,Automatic,36852
Hyundai,Green,Petrol,Manual,38943
Audi,Gray,Petrol,Automatic,64837
Hyundai,White,Diesel,Manual,78406
Suzuki,White,Electric,Automatic,73750
Honda,Gray,Hybrid,Manual,73013
Nissan,White,Diesel,Manual,27654
Toyota,White,Hybrid,Automatic,19128
Audi,Silver,Hybrid,Automatic,78345
Toyota,Red,Electric,Manual,37132
Toyota,Green,Petrol,Manual,67894
Audi,Yellow,Diesel,Manual,75608
Honda,Red,Diesel,Automatic,57849
Toyota,Yellow,Petrol,Manual,60960
Ford,Red,Diesel,Manual,74287
Hyundai,Blue,Hybrid,Manual,69745
Mercedes,Blue,Petrol,Manual,47580
Mercedes,White,Petrol,Manual,42932
Kia,Green,Electric,Manual,78953
Mercedes,Black,Electric,Manual,65084
Toyota,Black,Electric,Manual,22913
Hyundai,Black,Hybrid,Manual,60632
Kia,Black,Hybrid,Manual,75665
Mercedes,Red,Diesel,Manual,66842
Mercedes,Green,Diesel,Manual,72647
Nissan,Blue,Petrol,Manual,26758
Honda,Silver,Hybrid,Automatic,60374
Ford,White,Diesel,Automatic,49281
Nissan,Green,Diesel,Manual,55012
Toyota,Black,Hybrid,Manual,56103
Hyundai,Gray,Hybrid,Manual,51550
BMW,White,Petrol,Manual,55561
Kia,White,Hybrid,Manual,33115
Toyota,White,Petrol,Manual,59908
Nissan,Yellow,Diesel,Manual,58918
Toyota,Red,Electric,Automatic,28735
Suzuki,Silver,Electric,Automatic,17838
Honda,Red,Diesel,Manual,66478
Toyota,Yellow,Petrol,Manual,73659
BMW,Yellow,Electric,Automatic,28025
Kia,White,Petrol,Automatic,29927
Honda,White,Hybrid,Manual,39610
BMW,Blue,Hybrid,Automatic,18561
Suzuki,Black,Diesel,Automatic,26669
Suzuki,Gray,Diesel,Automatic,62174
BMW,Gray,Electric,Manual,37012
Ford,Red,Petrol,Automatic,23945
Honda,Yellow,Hybrid,Automatic,26219
Kia,White,Electric,Manual,66743
Mercedes,Black,Diesel,Manual,41980
Audi,Yellow,Diesel,Automatic,69852
Nissan,Silver,Petrol,Automatic,63246
BMW,White,Electric,Automatic,52975
BMW,Black,Petrol,Automatic,79237
Toyota,Red,Hybrid,Manual,42898
Audi,Green,Hybrid,Manual,44651
Nissan,White,Petrol,Manual,60426
Suzuki,White,Diesel,Automatic,34384
BMW,Blue,Petrol,Automatic,58845
Hyundai,Black,Hybrid,Manual,78990
Nissan,Yellow,Diesel,Automatic,27120
Kia,Yellow,Petrol,Manual,40223
Kia,Red,Electric,Automatic,64341
Hyundai,White,Petrol,Automatic,63218
Toyota,Gray,Petrol,Manual,40097
Kia,Yellow,Petrol,Automatic,39014
Ford,Blue,Diesel,Manual,79307
Kia,White,Petrol,Automatic,63324
Mercedes,White,Diesel,Automatic,38115
Hyundai,Green,Electric,Manual,19152
Kia,Gray,Hybrid,Automatic,47863
Audi,Blue,Hybrid,Automatic,44620
Mercedes,Gray,Petrol,Manual,73451
Nissan,Blue,Petrol,Automatic,73847
Ford,Silver,Petrol,Manual,25798
Hyundai,Blue,Diesel,Automatic,24863
BMW,Red,Electric,Automatic,78542
Audi,Black,Hybrid,Automatic,42533
Nissan,Red,Electric,Manual,19125
Toyota,White,Electric,Automatic,52925
Kia,Gray,Hybrid,Automatic,45015
Hyundai,Black,Electric,Manual,66725
Hyundai,White,Hybrid,Automatic,78617
Hyundai,Red,Diesel,Automatic,33637
Nissan,Black,Diesel,Automatic,26945
Ford,Black,Diesel,Manual,22662
Toyota,Gray,Diesel,Automatic,32066
Kia,Black,Diesel,Manual,58617
Kia,Gray,Diesel,Automatic,44388
Audi,Black,Electric,Manual,75321
Toyota,Green,Hybrid,Manual,77114
Nissan,Gray,Diesel,Manual,78579
Audi,Gray,Electric,Automatic,73718
Hyundai,Black,Hybrid,Automatic,60163
Honda,Yellow,Petrol,Manual,59433
Audi,Blue,Electric,Manual,41321
Mercedes,White,Hybrid,Automatic,21060
Kia,Red,Diesel,Manual,66202
Hyundai,White,Petrol,Manual,50285
Nissan,Blue,Hybrid,Manual,47143
Kia,Red,Electric,Automatic,24695
Suzuki,Gray,Hybrid,Automatic,15798
Hyundai,Gray,Electric,Automatic,79062
Nissan,Blue,Diesel,Automatic,63596
Suzuki,Yellow,Electric,Manual,67800
Suzuki,Green,Diesel,Manual,24413
BMW,Silver,Hybrid,Automatic,19332
Mercedes,Green,Petrol,Manual,41834
Hyundai,Green,Diesel,Automatic,61546
Mercedes,Black,Diesel,Manual,69544
Suzuki,Silver,Hybrid,Manual,68922
Hyundai,Silver,Hybrid,Automatic,29714
Toyota,Red,Diesel,Automatic,34671
Nissan,Blue,Electric,Automatic,26755
Nissan,White,Petrol,Manual,65116
Hyundai,Yellow,Petrol,Automatic,53080
Nissan,Green,Electric,Automatic,78849
Honda,Gray,Petrol,Automatic,25672
Mercedes,Red,Diesel,Automatic,45214
Ford,Gray,Diesel,Manual,32869
Kia,Green,Electric,Manual,33996
Hyundai,Blue,Diesel,Manual,65114
Honda,Black,Electric,Automatic,69186
Hyundai,Silver,Electric,Manual,50023
Mercedes,Gray,Diesel,Manual,23975
Audi,Silver,Electric,Automatic,42000
Kia,Black,Petrol,Manual,25128
Audi,White,Diesel,Manual,42351
Nissan,Blue,Petrol,Manual,75516
Toyota,Yellow,Electric,Automatic,60288
Kia,Black,Hybrid,Automatic,26285
Hyundai,Red,Petrol,Manual,23435
Ford,White,Electric,Manual,28752
Ford,Blue,Hybrid,Manual,20094
Toyota,Yellow,Hybrid,Manual,27868
Honda,Red,Petrol,Automatic,22793
Hyundai,Red,Petrol,Automatic,58750
Toyota,Blue,Petrol,Manual,53509
BMW,Black,Electric,Manual,20949
Ford,Silver,Electric,Automatic,25522
Audi,White,Petrol,Manual,68712
Mercedes,Red,Diesel,Manual,78193
Hyundai,Black,Petrol,Manual,75570
BMW,Yellow,Electric,Manual,43813
Honda,Black,Electric,Automatic,42793
BMW,White,Hybrid,Manual,64899
Kia,Blue,Hybrid,Manual,49060
Ford,Yellow,Electric,Automatic,51512
Toyota,Blue,Electric,Automatic,22583
Suzuki,Silver,Hybrid,Automatic,60026
Nissan,White,Hybrid,Automatic,79550
Suzuki,White,Petrol,Automatic,76543
Kia,Black,Petrol,Automatic,59046
Honda,Green,Hybrid,Manual,22813
Ford,Green,Hybrid,Manual,63590
Ford,Blue,Electric,Manual,37192
BMW,Green,Petrol,Manual,69926
Suzuki,Yellow,Electric,Automatic,64565
Suzuki,Gray,Hybrid,Automatic,79718
Nissan,Silver,Diesel,Automatic,22080
Honda,Silver,Hybrid,Automatic,30127
Ford,Red,Petrol,Manual,69415
Honda,Yellow,Petrol,Manual,40076
Mercedes,Gray,Diesel,Automatic,55761
Mercedes,Blue,Petrol,Automatic,66952
Nissan,White,Electric,Automatic,47129
Audi,Silver,Electric,Manual,77428
Toyota,Green,Petrol,Automatic,44498
Kia,Green,Hybrid,Automatic,17358
Toyota,Black,Electric,Manual,47209
Suzuki,Black,Electric,Automatic,46945
Honda,Yellow,Hybrid,Automatic,51847
Ford,Red,Hybrid,Automatic,47420
Mercedes,Green,Electric,Automatic,36003
Toyota,Red,Petrol,Manual,69849
Kia,Gray,Petrol,Automatic,39941
Honda,Green,Electric,Automatic,41996
Kia,Red,Diesel,Manual,30376
Hyundai,Blue,Petrol,Automatic,22501
Kia,Black,Petrol,Automatic,17449
Nissan,Green,Hybrid,Automatic,16337
Nissan,Red,Electric,Automatic,52378
Suzuki,Gray,Petrol,Automatic,21557
BMW,Gray,Hybrid,Automatic,25920
Mercedes,Silver,Electric,Automatic,28222
Nissan,Blue,Diesel,Automatic,32377
Toyota,Silver,Hybrid,Manual,55931
Honda,Blue,Electric,Automatic,19408
Mercedes,Yellow,Hybrid,Manual,37761
Honda,Silver,Electric,Automatic,58480
Audi,Gray,Diesel,Automatic,41365
Hyundai,Yellow,Diesel,Manual,56146
Audi,Black,Hybrid,Manual,58306
Nissan,Silver,Hybrid,Manual,49227
BMW,Gray,Hybrid,Manual,30753
Ford,Silver,Hybrid,Automatic,35883
Honda,White,Hybrid,Automatic,68982
Hyundai,Black,Electric,Manual,41598
BMW,Blue,Diesel,Manual,16815
BMW,Silver,Hybrid,Automatic,51688
Suzuki,Green,Petrol,Manual,25443
Hyundai,Black,Petrol,Automatic,66751
Hyundai,Black,Petrol,Automatic,66264
Toyota,Red,Petrol,Automatic,54426
Hyundai,Blue,Hybrid,Automatic,59018
Honda,Green,Diesel,Manual,22335
Mercedes,Blue,Electric,Automatic,72970
Honda,White,Petrol,Automatic,36580
Mercedes,Green,Diesel,Automatic,29287
Ford,Blue,Diesel,Manual,78564
Hyundai,Yellow,Hybrid,Automatic,71551
Mercedes,Red,Hybrid,Automatic,60850
Honda,Gray,Hybrid,Automatic,59743
BMW,Silver,Diesel,Automatic,46144
Kia,Silver,Petrol,Manual,70146
Toyota,White,Electric,Automatic,35268
Kia,Blue,Diesel,Automatic,40458
Toyota,Green,Electric,Automatic,20914
BMW,Silver,Diesel,Manual,75023
Nissan,Gray,Hybrid,Manual,32959
Honda,Yellow,Hybrid,Automatic,75718
Kia,Green,Petrol,Manual,60775
Hyundai,Blue,Electric,Automatic,54460
Audi,Gray,Hybrid,Manual,64936
Toyota,Black,Hybrid,Manual,15201
Suzuki,White,Electric,Automatic,52736
Honda,Blue,Diesel,Manual,48840
Ford,Green,Electric,Automatic,46350
Ford,Silver,Diesel,Automatic,67397
Hyundai,White,Petrol,Automatic,39091
Ford,Green,Hybrid,Manual,16358
Toyota,White,Petrol,Automatic,27993
Hyundai,Black,Petrol,Automatic,55501
Suzuki,Silver,Diesel,Manual,77785
Kia,Black,Petrol,Manual,62093
Audi,Green,Hybrid,Automatic,22766
BMW,White,Diesel,Automatic,33871
Nissan,Green,Diesel,Automatic,71120
BMW,White,Electric,Manual,42415
Ford,Green,Diesel,Manual,34018
Hyundai,White,Hybrid,Manual,39224
Mercedes,Yellow,Petrol,Manual,45728
Ford,Gray,Hybrid,Manual,61749
Suzuki,Green,Electric,Manual,21244
Audi,Red,Petrol,Automatic,76018
BMW,Yellow,Electric,Manual,15351
Hyundai,Green,Electric,Automatic,58991
Kia,Black,Petrol,Manual,32058
Ford,Yellow,Electric,Automatic,23645
Honda,Gray,Hybrid,Manual,32065
Honda,Gray,Petrol,Manual,47716
Hyundai,Gray,Hybrid,Automatic,74165
Hyundai,Silver,Electric,Automatic,73502
Ford,Gray,Hybrid,Manual,51416
Nissan,Red,Diesel,Manual,18576
BMW,Black,Petrol,Automatic,32054
Ford,Yellow,Hybrid,Manual,73666
Nissan,Red,Hybrid,Automatic,79803
Audi,Yellow,Hybrid,Automatic,22372
Ford,Blue,Electric,Manual,28351
Hyundai,Black,Diesel,Automatic,51912
Mercedes,White,Petrol,Manual,42290
Honda,White,Hybrid,Manual,73154
Kia,Red,Electric,Manual,40832
Kia,Blue,Electric,Manual,16892
Honda,Yellow,Hybrid,Automatic,56179
Hyundai,Red,Electric,Manual,58002
Mercedes,Yellow,Electric,Manual,28852
Toyota,Silver,Electric,Manual,63745
Honda,Green,Petrol,Automatic,31722
Ford,White,Hybrid,Manual,16344
BMW,Black,Hybrid,Automatic,33673
Ford,Blue,Electric,Automatic,67500
Suzuki,Silver,Diesel,Automatic,58615
Honda,Gray,Diesel,Automatic,44192
Suzuki,Yellow,Electric,Automatic,20912
Suzuki,Gray,Diesel,Automatic,56332
Suzuki,Blue,Petrol,Automatic,78784
Nissan,White,Diesel,Automatic,49555
Audi,Blue,Electric,Automatic,43662
Honda,Yellow,Electric,Manual,79499
Ford,Silver,Diesel,Automatic,34364
Mercedes,Red,Petrol,Manual,48647
Honda,Green,Hybrid,Manual,45451
Mercedes,Silver,Electric,Automatic,53375
Honda,Red,Petrol,Automatic,26767
Ford,Green,Petrol,Manual,42279
Hyundai,Gray,Hybrid,Automatic,55882
Hyundai,Gray,Diesel,Manual,27129
Honda,Silver,Petrol,Automatic,50020
Toyota,Red,Hybrid,Manual,15871
Ford,Yellow,Hybrid,Automatic,71936
Mercedes,Yellow,Electric,Automatic,60263
Suzuki,Silver,Petrol,Manual,23854
Toyota,White,Petrol,Manual,60615
BMW,Red,Diesel,Automatic,57508
Ford,White,Hybrid,Manual,20642
Hyundai,Yellow,Diesel,Automatic,42648
Toyota,Blue,Diesel,Manual,63416
Nissan,Yellow,Hybrid,Manual,71347
Nissan,White,Diesel,Automatic,52318
Suzuki,Red,Electric,Manual,21728
Suzuki,Green,Hybrid,Automatic,17425
Nissan,Green,Hybrid,Automatic,30198
Toyota,Red,Hybrid,Automatic,51258
Honda,Silver,Hybrid,Automatic,22663
Nissan,Gray,Hybrid,Automatic,16363
Ford,Silver,Diesel,Automatic,37534
Nissan,White,Diesel,Automatic,75406
Mercedes,Yellow,Diesel,Automatic,62382
Suzuki,Green,Electric,Automatic,67412
Ford,White,Electric,Manual,58716
Nissan,Black,Diesel,Manual,25244
Mercedes,Yellow,Petrol,Automatic,76804
Nissan,Silver,Diesel,Manual,51492
Toyota,Red,Electric,Automatic,38399
Ford,Black,Petrol,Manual,37133
Suzuki,Blue,Diesel,Manual,51830
BMW,Yellow,Electric,Automatic,66438
Kia,Red,Electric,Manual,70928
Audi,Blue,Petrol,Automatic,67362
Nissan,Blue,Petrol,Manual,68976
Audi,Red,Petrol,Manual,56282
Honda,White,Electric,Manual,62733
Hyundai,Yellow,Hybrid,Manual,25111
Kia,Gray,Diesel,Manual,70613
BMW,Yellow,Hybrid,Manual,31077
Nissan,Gray,Electric,Manual,20585
Hyundai,Gray,Hybrid,Automatic,56251
BMW,Black,Hybrid,Manual,24043
Suzuki,Green,Hybrid,Automatic,77379
Audi,Gray,Petrol,Automatic,24541
Toyota,Blue,Petrol,Automatic,35631
Suzuki,Black,Hybrid,Manual,40773
Toyota,Black,Petrol,Automatic,42479
Suzuki,Silver,Electric,Automatic,15517
Hyundai,Black,Hybrid,Automatic,57197
BMW,Yellow,Electric,Automatic,65816
BMW,Silver,Petrol,Manual,50221
Kia,Green,Diesel,Automatic,29007
Honda,Silver,Electric,Manual,16534
Toyota,Silver,Diesel,Automatic,62612
Suzuki,Blue,Petrol,Automatic,32023
Audi,Gray,Petrol,Manual,64581
Honda,Yellow,Electric,Manual,44697
Kia,White,Diesel,Automatic,34608
Hyundai,Black,Hybrid,Manual,21896
Kia,White,Electric,Automatic,21421
Ford,Green,Hybrid,Manual,21045
Toyota,Green,Diesel,Automatic,29076
Nissan,Blue,Electric,Automatic,53550
Audi,Green,Electric,Automatic,56711
Suzuki,Yellow,Hybrid,Automatic,68989
Ford,Black,Diesel,Automatic,61605
Nissan,Black,Petrol,Manual,44847
Nissan,Red,Diesel,Automatic,75404
Honda,Green,Petrol,Manual,39221
Mercedes,Silver,Petrol,Manual,22716
Kia,Silver,Electric,Automatic,34266
Nissan,Red,Diesel,Manual,66366
Mercedes,Green,Petrol,Automatic,73265
Hyundai,White,Diesel,Automatic,15136
Honda,Gray,Petrol,Manual,42366
Nissan,Silver,Hybrid,Automatic,66206
Suzuki,Yellow,Diesel,Manual,48080
Nissan,Yellow,Hybrid,Manual,71776
Kia,Blue,Hybrid,Automatic,30258
Suzuki,Gray,Petrol,Automatic,63228
Hyundai,Blue,Diesel,Manual,52486
Hyundai,Blue,Petrol,Manual,77597
Mercedes,Red,Diesel,Automatic,47940
Toyota,Blue,Diesel,Manual,33019
BMW,White,Hybrid,Manual,67882
Audi,Gray,Hybrid,Manual,47209
Toyota,Gray,Hybrid,Manual,42193
Toyota,Gray,Hybrid,Automatic,20965
Honda,Blue,Diesel,Automatic,24439
Ford,Silver,Petrol,Manual,35106
Suzuki,Black,Petrol,Automatic,26892
Toyota,Red,Electric,Automatic,21471
Kia,Black,Hybrid,Automatic,31903
Suzuki,Blue,Petrol,Manual,30703
Mercedes,White,Hybrid,Automatic,77217
Honda,Silver,Petrol,Automatic,45462
Audi,Green,Petrol,Automatic,16894
Suzuki,White,Petrol,Automatic,51311
Mercedes,Blue,Diesel,Manual,34963
Mercedes,Green,Hybrid,Manual,70461
Audi,White,Diesel,Automatic,50418
Ford,White,Hybrid,Automatic,17738
Toyota,Yellow,Electric,Manual,15035
Toyota,Yellow,Electric,Automatic,70016
Suzuki,Gray,Diesel,Automatic,17980
Ford,Blue,Electric,Manual,40906
Honda,Black,Electric,Automatic,28818
Mercedes,Gray,Electric,Automatic,79201
Nissan,Silver,Diesel,Automatic,37389
BMW,Yellow,Electric,Manual,74901
Ford,Red,Hybrid,Manual,74077
Toyota,Black,Hybrid,Automatic,64968
Suzuki,Blue,Petrol,Manual,73495
Nissan,Blue,Electric,Automatic,69228
Mercedes,Gray,Hybrid,Manual,69994
Toyota,Blue,Hybrid,Automatic,76357
BMW,Yellow,Petrol,Manual,63702
Toyota,Silver,Electric,Manual,20896
Mercedes,Silver,Diesel,Manual,79233
Nissan,Gray,Petrol,Automatic,47298
Mercedes,White,Petrol,Manual,79504
Suzuki,Blue,Electric,Automatic,26172
Audi,White,Diesel,Manual,53545
Ford,Blue,Diesel,Automatic,76182
Mercedes,White,Electric,Manual,70552
Toyota,Silver,Hybrid,Manual,76465
Suzuki,Red,Electric,Automatic,70334
Suzuki,Silver,Petrol,Automatic,47477
Kia,Red,Diesel,Manual,33214
Suzuki,Yellow,Electric,Manual,40680
BMW,Gray,Petrol,Manual,79897
BMW,Green,Petrol,Manual,27902
Ford,Gray,Electric,Manual,56025
Honda,Red,Hybrid,Automatic,67956
Toyota,Gray,Electric,Manual,22067
Nissan,White,Electric,Manual,68846
Kia,White,Petrol,Automatic,65075
Honda,Yellow,Petrol,Manual,78866
Toyota,Red,Hybrid,Automatic,73332
Honda,Black,Petrol,Automatic,18590
Hyundai,Green,Petrol,Manual,59404
Toyota,Red,Electric,Automatic,41324
Honda,Green,Diesel,Manual,44714
Suzuki,Yellow,Hybrid,Manual,37257
Toyota,Yellow,Electric,Manual,22078
Honda,Red,Petrol,Manual,74268
Mercedes,Black,Electric,Automatic,42591
Nissan,Yellow,Diesel,Manual,24022
Toyota,Red,Diesel,Automatic,53307
Suzuki,Gray,Electric,Manual,24660
Nissan,Silver,Electric,Automatic,39171
Toyota,Black,Petrol,Manual,48233
Audi,Red,Hybrid,Automatic,27806
BMW,White,Petrol,Automatic,27409
Nissan,Yellow,Electric,Automatic,55376
Hyundai,Green,Electric,Manual,21871
Nissan,Red,Hybrid,Manual,75290
Toyota,White,Diesel,Automatic,55889
BMW,White,Hybrid,Automatic,67905
Suzuki,White,Hybrid,Manual,69138
Toyota,Gray,Petrol,Manual,38454
Toyota,Blue,Diesel,Automatic,43862
BMW,Gray,Petrol,Manual,28049
BMW,Silver,Diesel,Manual,73024
Hyundai,Black,Electric,Manual,26700
BMW,Red,Diesel,Automatic,74680
Honda,Red,Diesel,Automatic,57917
Honda,Gray,Diesel,Automatic,44897
BMW,Gray,Electric,Manual,76679
Audi,Green,Petrol,Manual,24465
Ford,White,Diesel,Automatic,60505
Kia,Gray,Hybrid,Manual,75359
Toyota,White,Electric,Manual,36474
BMW,Red,Electric,Manual,70804
Audi,Yellow,Diesel,Manual,66423
Nissan,Blue,Diesel,Automatic,64237
Audi,Gray,Hybrid,Automatic,26730
Kia,Gray,Hybrid,Automatic,46048
Hyundai,Green,Petrol,Manual,29386
BMW,Yellow,Diesel,Automatic,29325
Hyundai,Green,Hybrid,Manual,76308
Kia,Silver,Petrol,Manual,64258
Honda,Silver,Hybrid,Automatic,30084
Mercedes,Red,Hybrid,Automatic,42925
Nissan,Yellow,Hybrid,Automatic,39085
Nissan,Gray,Electric,Automatic,16619
Ford,Yellow,Diesel,Automatic,57293
Honda,Gray,Petrol,Automatic,70220
Audi,Blue,Electric,Manual,21449
Honda,Blue,Electric,Manual,50784
BMW,Gray,Diesel,Automatic,31385
Hyundai,Silver,Diesel,Manual,71033
Audi,Silver,Petrol,Automatic,33471
Kia,Green,Hybrid,Manual,45933
Audi,Black,Hybrid,Manual,29871
BMW,Yellow,Diesel,Automatic,62350
Nissan,Gray,Petrol,Automatic,70430
BMW,Green,Hybrid,Manual,43749
Nissan,Red,Electric,Manual,52847
Ford,Silver,Petrol,Automatic,68110
Kia,Gray,Diesel,Automatic,42899
Suzuki,Silver,Electric,Manual,52196
Toyota,Black,Diesel,Automatic,52236
Mercedes,Green,Hybrid,Manual,77173
Suzuki,Blue,Hybrid,Manual,46115
Honda,Gray,Hybrid,Automatic,21110
Ford,Blue,Diesel,Manual,69163
Mercedes,Yellow,Petrol,Manual,28041
Honda,Green,Electric,Manual,30272
Hyundai,Blue,Hybrid,Manual,39159
Audi,Red,Diesel,Automatic,71341
Suzuki,Green,Diesel,Manual,23463
Audi,Green,Hybrid,Manual,40493
BMW,Black,Diesel,Automatic,43324
Nissan,Black,Electric,Manual,47930
Nissan,Silver,Diesel,Manual,79951
Ford,Yellow,Petrol,Automatic,54639
BMW,Gray,Hybrid,Automatic,45323
Mercedes,Red,Petrol,Automatic,57355
Nissan,Gray,Electric,Automatic,55175
Ford,Green,Diesel,Manual,73980
Mercedes,Green,Hybrid,Automatic,74692
Ford,Blue,Hybrid,Manual,30708
Ford,Silver,Electric,Manual,60747
BMW,Yellow,Hybrid,Manual,39165
Honda,Blue,Electric,Automatic,44552
Ford,Silver,Diesel,Manual,45288
Toyota,Blue,Hybrid,Automatic,37521
Suzuki,White,Hybrid,Manual,15703
Hyundai,Blue,Diesel,Automatic,58928
Nissan,Yellow,Hybrid,Manual,20409
Audi,White,Hybrid,Manual,45853
Hyundai,Black,Diesel,Manual,54779
Honda,Black,Electric,Manual,50039
Suzuki,Black,Petrol,Manual,59392
Hyundai,Black,Hybrid,Automatic,26661
BMW,Red,Diesel,Automatic,60661
Toyota,Blue,Hybrid,Automatic,44097
Toyota,Red,Petrol,Automatic,65273
BMW,White,Electric,Manual,28106
Honda,Red,Hybrid,Manual,79834
Toyota,Gray,Diesel,Manual,29455
Honda,Black,Diesel,Manual,42242
Audi,Blue,Electric,Automatic,51834
BMW,White,Hybrid,Automatic,22917
BMW,White,Petrol,Automatic,36192
Ford,Red,Hybrid,Automatic,15785
Suzuki,White,Hybrid,Manual,19326
Hyundai,Gray,Petrol,Manual,73029
BMW,Green,Electric,Automatic,79428
Honda,Black,Electric,Manual,54312
Kia,Green,Diesel,Automatic,26490
Kia,Yellow,Petrol,Automatic,16156
Mercedes,Yellow,Hybrid,Manual,47992
Mercedes,Red,Diesel,Manual,55393
Honda,Silver,Diesel,Automatic,64626
BMW,Blue,Petrol,Manual,39544
Nissan,Silver,Diesel,Manual,39625
BMW,Red,Diesel,Automatic,63447
Kia,Black,Electric,Automatic,57179
Toyota,Green,Electric,Manual,30008
Kia,Gray,Diesel,Manual,50344
Toyota,White,Diesel,Automatic,49175
Kia,Black,Hybrid,Manual,19234
Nissan,Blue,Diesel,Manual,56573
Ford,White,Diesel,Manual,26382
Mercedes,White,Diesel,Manual,42934
Nissan,Silver,Diesel,Manual,31051
Suzuki,Black,Diesel,Automatic,33700
Mercedes,Yellow,Diesel,Automatic,71519
Nissan,Blue,Electric,Automatic,39754
Ford,Yellow,Hybrid,Automatic,48114
Mercedes,Green,Diesel,Automatic,16298
Suzuki,Green,Petrol,Automatic,54005
Audi,Black,Diesel,Automatic,39933
Nissan,Silver,Hybrid,Automatic,39585
Audi,Yellow,Petrol,Automatic,23955
Nissan,White,Diesel,Manual,15273
Toyota,Gray,Hybrid,Automatic,75666
Suzuki,Green,Electric,Automatic,47083
Hyundai,Blue,Hybrid,Manual,75398
Honda,Green,Diesel,Manual,65000
Suzuki,Silver,Electric,Automatic,56614
Kia,Red,Hybrid,Automatic,63212
BMW,White,Hybrid,Manual,75389
Kia,Red,Diesel,Automatic,54677
Nissan,Black,Electric,Manual,54462
Mercedes,Black,Petrol,Manual,65526
Honda,Green,Hybrid,Manual,48982
BMW,Green,Diesel,Automatic,31572
Hyundai,Green,Electric,Automatic,64313
Honda,Blue,Electric,Manual,32630
BMW,Green,Electric,Manual,79685
Ford,Yellow,Petrol,Manual,19577
Suzuki,Green,Electric,Automatic,26182
Ford,Gray,Diesel,Manual,27977
Nissan,Black,Petrol,Automatic,52164
BMW,Black,Diesel,Manual,64146
Ford,White,Electric,Automatic,43883
Mercedes,Blue,Diesel,Manual,34210
Honda,Green,Petrol,Automatic,19211
Kia,Red,Diesel,Automatic,46797
Honda,Red,Petrol,Automatic,64269
Toyota,Red,Petrol,Manual,49231
Toyota,Green,Electric,Automatic,46013
Kia,Green,Electric,Automatic,59686
Kia,Gray,Diesel,Automatic,58586
Suzuki,Green,Petrol,Automatic,72218
Kia,Blue,Petrol,Automatic,72051
Suzuki,Black,Petrol,Manual,71951
Audi,Silver,Diesel,Automatic,44616
Mercedes,Yellow,Hybrid,Manual,15205
Kia,Red,Electric,Manual,78543
Kia,Yellow,Diesel,Automatic,41225
Mercedes,Blue,Electric,Automatic,76543
Nissan,Blue,Hybrid,Automatic,54791
BMW,Black,Petrol,Manual,47632
Honda,Silver,Hybrid,Manual,73747
Nissan,Blue,Hybrid,Manual,30948
BMW,Black,Petrol,Manual,43501
Toyota,Black,Electric,Automatic,65220
Hyundai,White,Electric,Automatic,77357
Honda,Black,Hybrid,Manual,67136
Kia,White,Petrol,Automatic,39707
Suzuki,Green,Diesel,Manual,31979
Honda,Silver,Petrol,Manual,20841
Kia,White,Petrol,Automatic,23350
Kia,Green,Petrol,Automatic,19055
Mercedes,White,Hybrid,Automatic,35948
Kia,Black,Diesel,Manual,40907
Toyota,Yellow,Electric,Manual,68487
Hyundai,White,Hybrid,Automatic,24661
Mercedes,Silver,Diesel,Manual,54248
Kia,Silver,Petrol,Automatic,70552
Mercedes,Yellow,Diesel,Automatic,34103
Suzuki,Red,Electric,Manual,69256
BMW,White,Petrol,Manual,71149
Nissan,Green,Electric,Manual,79950
Toyota,Green,Electric,Automatic,59426
Nissan,Gray,Hybrid,Automatic,19707
Audi,Silver,Electric,Manual,60947
Audi,Green,Petrol,Manual,36195
Mercedes,Red,Electric,Automatic,57902
Ford,Black,Hybrid,Automatic,34076
Ford,White,Diesel,Manual,63189
Toyota,Gray,Petrol,Manual,39677
Suzuki,Black,Petrol,Manual,38303
Nissan,Black,Petrol,Manual,79243
Audi,Gray,Hybrid,Manual,56089
Suzuki,White,Petrol,Manual,30784
Suzuki,Yellow,Electric,Manual,57781
Suzuki,Blue,Hybrid,Automatic,33036
Nissan,Gray,Petrol,Manual,22643
Honda,Blue,Hybrid,Manual,16509
Mercedes,Yellow,Electric,Manual,67058
Mercedes,Black,Hybrid,Automatic,57244
Suzuki,Silver,Diesel,Manual,36314
Honda,Black,Hybrid,Manual,40807
Audi,Yellow,Petrol,Manual,64381
BMW,Blue,Diesel,Manual,15348
Audi,Yellow,Electric,Manual,17565
Ford,White,Diesel,Manual,51863
Hyundai,Red,Petrol,Manual,48170
Hyundai,Gray,Diesel,Automatic,79035
Toyota,White,Electric,Manual,77011
Audi,Silver,Hybrid,Manual,52818
Nissan,Gray,Electric,Manual,60084
Honda,Red,Diesel,Manual,27325
Ford,Silver,Diesel,Manual,54462
Audi,White,Electric,Automatic,23420
Mercedes,Green,Petrol,Automatic,32083
Suzuki,Black,Hybrid,Automatic,20456
Hyundai,Green,Diesel,Manual,19624
Hyundai,White,Electric,Manual,42504
Ford,Gray,Hybrid,Automatic,16698
Mercedes,White,Petrol,Automatic,23167
Audi,Blue,Hybrid,Manual,36584
Honda,Gray,Electric,Automatic,24589
BMW,Silver,Petrol,Manual,39717
BMW,Green,Petrol,Manual,26516
Audi,Silver,Hybrid,Manual,49665
Kia,Silver,Electric,Manual,73757
Toyota,Black,Electric,Automatic,26840
Kia,Green,Hybrid,Manual,31977
Toyota,Black,Diesel,Manual,39825
Mercedes,Silver,Petrol,Automatic,61366
BMW,Green,Hybrid,Manual,43767
Kia,Yellow,Electric,Automatic,77430
Suzuki,White,Electric,Manual,77092
Hyundai,Green,Electric,Manual,56594
Honda,Blue,Diesel,Manual,25820
Mercedes,Red,Petrol,Automatic,51317
Nissan,Red,Hybrid,Manual,46434
Nissan,Blue,Hybrid,Manual,55388
BMW,Red,Hybrid,Automatic,31005
Audi,Red,Hybrid,Manual,59205
Audi,White,Diesel,Manual,39055
Ford,Gray,Petrol,Automatic,47473
Suzuki,Black,Electric,Manual,37148
BMW,Blue,Electric,Automatic,46662
Hyundai,Silver,Diesel,Manual,63367
Mercedes,Green,Diesel,Automatic,75890
Audi,Red,Hybrid,Automatic,18768
Kia,Red,Hybrid,Automatic,34552
Kia,Blue,Petrol,Automatic,73339
Ford,Green,Electric,Manual,21641
Suzuki,Yellow,Diesel,Manual,49674
Audi,Black,Hybrid,Manual,74841
Nissan,Red,Diesel,Automatic,29817
Nissan,Green,Electric,Automatic,38887
Suzuki,Black,Electric,Manual,79839
Nissan,Yellow,Diesel,Manual,38182
Suzuki,Red,Electric,Manual,22252
BMW,Silver,Petrol,Manual,40856
Suzuki,Gray,Petrol,Manual,58660
BMW,Yellow,Electric,Manual,42596
Nissan,Yellow,Diesel,Automatic,64223
Suzuki,Green,Diesel,Manual,77762
Honda,Red,Diesel,Manual,37552
Audi,Red,Diesel,Manual,59453
Kia,Green,Petrol,Automatic,46469
Hyundai,Silver,Hybrid,Manual,64866
Suzuki,White,Diesel,Manual,31349
Hyundai,Blue,Electric,Manual,58668
Suzuki,White,Hybrid,Manual,60950
Audi,Black,Diesel,Manual,30032
Honda,Black,Hybrid,Manual,32947
BMW,Black,Hybrid,Manual,55400
BMW,Blue,Petrol,Automatic,41692
Audi,Silver,Diesel,Manual,37031
Suzuki,Yellow,Petrol,Automatic,57196
Toyota,Silver,Petrol,Automatic,38827
Hyundai,Gray,Hybrid,Manual,35961
Toyota,Black,Petrol,Manual,18416
Kia,White,Electric,Automatic,33360
Mercedes,Blue,Hybrid,Manual,31532
Nissan,Gray,Electric,Automatic,22309
Honda,Red,Diesel,Automatic,38630
Kia,Gray,Diesel,Automatic,28764
Mercedes,Green,Petrol,Manual,23551
Mercedes,Blue,Petrol,Manual,27643
Nissan,Blue,Petrol,Automatic,34757
Nissan,White,Diesel,Manual,23377
BMW,Green,Electric,Automatic,73649
Kia,Yellow,Petrol,Automatic,19437
Nissan,Green,Petrol,Manual,54266
