title_x,imdb_rating
Uri: The Surgical Strike,8.4
Battalion 609,4.1
The Accidental Prime Minister (film),6.1
Why Cheat India,6.0
Evening Shadows,7.3
Soni (film),7.2
Fraud Saiyaan,4.2
Bombairiya,4.3
Manikarnika: The Queen of Jhansi,6.5
Thackeray (film),5.1
Amavas,2.8
Gully Boy,8.2
Hum Chaar,5.6
Total Dhamaal,4.3
Sonchiriya,7.5
Badla (2019 film),7.9
Mard Ko Dard Nahi Hota,7.4
Hamid (film),7.7
Photograph (film),6.9
Risknamaa,6.7
Mere Pyare Prime Minister,6.8
22 Yards,5.3
Kesari (film),7.4
Notebook (2019 film),6.8
Junglee (2019 film),5.3
Gone Kesh,7.1
Albert Pinto Ko Gussa Kyun Aata Hai?,4.8
The Tashkent Files,8.0
Kalank,3.6
Setters (film),5.1
Student of the Year 2,2.5
PM Narendra Modi,3.3
De De Pyaar De,6.6
India's Most Wanted (film),4.4
Yeh Hai India,5.7
Khamoshi (2019 film),3.7
Kabir Singh,7.2
Article 15 (film),8.3
One Day: Justice Delivered,6.8
Hume Tumse Pyaar Kitna,7.4
Super 30 (film),8.2
Family of Thakurganj,9.4
Batla House,7.3
Jhootha Kahin Ka,4.8
Judgementall Hai Kya,6.0
Chicken Curry Law,6.0
Arjun Patiala,4.1
Jabariya Jodi,4.2
Pranaam,7.0
The Sky Is Pink,6.6
Mission Mangal,6.5
Saaho,5.5
Dream Girl (2019 film),7.5
Section 375,8.4
The Zoya Factor (film),4.1
Pal Pal Dil Ke Paas,4.6
Prassthanam,6.0
P Se Pyaar F Se Faraar,7.8
Ghost (2019 film),8.7
Bala (2019 film),8.2
Yaaram (2019 film),5.7
Housefull 4,3.3
Saand Ki Aankh,8.9
Made in China (2019 film),6.3
Ujda Chaman,8.1
Bypass Road (film),7.1
Satellite Shankar,4.6
Jhalki,7.2
Marjaavaan,3.6
Motichoor Chaknachoor,5.8
Keep Safe Distance (film),0.0
Pagalpanti (2019 film),3.1
Ramprasad Ki Tehrvi,7.6
Yeh Saali Aashiqui,7.9
Dil Bechara,6.6
Pati Patni Aur Woh (2019 film),5.7
Commando 3 (film),5.7
Mardaani 2,7.4
Dabangg 3,3.0
Good Newwz,6.9
Kaalakaandi,6.2
Vodka Diaries,5.6
My Birthday Song,5.5
Nirdosh,3.8
Mukkabaaz,8.1
Union Leader (film),7.6
Love per Square Foot,7.2
Aiyaary,5.2
Padmaavat,7.0
Kuchh Bheege Alfaaz,7.5
Jaane Kyun De Yaaron,4.4
Veerey Ki Wedding,2.8
Sonu Ke Titu Ki Sweety,7.1
Hate Story 4,3.3
Dil Juunglee,4.0
3 Storeys,7.1
Raid (2018 film),7.4
Hichki,7.5
Missing (2018 film),5.7
Baaghi 2,5.0
October (2018 film),7.5
Mercury (film),6.2
Beyond the Clouds (2017 film),6.9
Nanu Ki Jaanu,6.2
Daas Dev,5.1
Omerta (film),7.0
Raazi,7.8
Hope Aur Hum,6.4
High Jack (film),5.2
Khajoor Pe Atke,5.6
Parmanu: The Story of Pokhran,7.7
Bioscopewala,7.7
Bhavesh Joshi Superhero,7.6
Phamous,3.7
Race 3,2.0
Dhadak,4.5
Sanju,7.8
Saheb Biwi Aur Gangster 3,4.3
Nawabzaade,4.7
Mulk (film),6.7
Brij Mohan Amar Rahe,7.0
Karwaan,7.5
Gold (2018 film),7.3
Satyameva Jayate (2018 film),5.6
Happy Phirr Bhag Jayegi,4.5
Genius (2018 Hindi film),4.6
Yamla Pagla Deewana: Phir Se,4.8
Stree (2018 film),7.7
Paltan (film),5.2
Laila Majnu (2018 film),7.7
Gali Guleiyan,7.1
Halkaa,7.2
Pataakha,7.2
Batti Gul Meter Chalu,6.1
Love Sonia,7.4
Manto (2018 film),7.4
Ishqeria,4.2
Manmarziyaan,6.9
Mitron,6.9
Sui Dhaaga,6.8
Baazaar,6.6
Jalebi (film),6.3
FryDay,5.4
Tumbbad,8.2
Helicopter Eela,5.5
Namaste England,1.7
Andhadhun,8.4
Badhaai Ho,8.0
5 Weddings,3.2
Kaashi in Search of Ganga,5.6
Dassehra,3.8
The Journey of Karma,6.3
Jack and Dil,5.1
Mohalla Assi,6.9
Pihu,6.7
Bhaiaji Superhit,4.1
Rajma Chawal,5.7
Zero (2018 film),5.5
Simmba,6.3
Tiger Zinda Hai,6.0
Golmaal Again,4.9
Judwaa 2,3.8
Ok Jaanu,5.1
Coffee with D,4.5
Kaabil,7.1
Raees (film),6.8
Thugs of Hindostan,4.0
Hind Ka Napak Ko Jawab: MSG Lion Heart 2,6.8
Running Shaadi,6.7
The Ghazi Attack,7.6
Irada (2017 film),6.2
Rangoon (2017 Hindi film),5.7
Wedding Anniversary,5.4
Jeena Isi Ka Naam Hai (film),5.6
Badrinath Ki Dulhania,6.2
Trapped (2016 Hindi film),7.5
Aa Gaya Hero,2.9
Mantra (2016 film),5.2
Phillauri (film),6.1
Machine (2017 film),2.7
Bhanwarey,7.3
Anaarkali of Aarah,6.5
Naam Shabana,6.3
Hotel Salvation,7.1
Begum Jaan,5.5
Noor (film),4.0
Ek Thi Rani Aisi Bhi,0.0
Maatr,4.5
Sarkar 3,4.9
Jattu Engineer,6.0
Half Girlfriend (film),4.3
Meri Pyaari Bindu,5.8
Sachin: A Billion Dreams,8.6
Hindi Medium,7.8
Sweetiee Weds NRI,3.5
Dobaara: See Your Evil,3.9
Flat 211,5.9
Dear Maya,5.2
Raabta (film),4.1
Behen Hogi Teri,5.5
Tubelight (2017 Hindi film),4.0
Bank Chor,5.9
Ek Haseena Thi Ek Deewana Tha,5.0
Jagga Jasoos,6.4
Shab (film),4.4
Lipstick Under My Burkha,6.8
Bachche Kachche Sachche,0.0
G Kutta Se,8.3
Indu Sarkar,6.0
Jab Harry Met Sejal,5.3
Munna Michael,3.4
Toilet: Ek Prem Katha,7.2
Mubarakan,5.6
Guest iin London,5.4
Bareilly Ki Barfi,7.5
Babumoshai Bandookbaaz,6.9
Yadvi – The Dignified Princess,8.2
Qaidi Band,5.7
Shubh Mangal Saavdhan,6.9
Raag Desh (film),8.3
Daddy (2017 film),6.3
Simran (film),5.3
Lucknow Central,6.2
A Gentleman,6.3
Viceroy's House (film),6.7
Patel Ki Punjabi Shaadi,3.9
Newton (film),7.7
The Final Exit,6.2
Bhoomi (film),5.3
Haseena Parkar,4.2
JD (film),6.5
Haraamkhor,6.4
Poster Boys,5.5
Mom (film),7.3
Chef (2017 film),5.7
Ranchi Diaries,7.4
Babuji Ek Ticket Bambai,0.0
Rukh (film),6.4
Secret Superstar,7.9
Aval (2017 film),6.8
Ribbon (film),6.9
Shaadi Mein Zaroor Aana,7.6
Jia Aur Jia,4.6
Qarib Qarib Singlle,7.0
Aksar 2,3.7
Panchlait,8.0
Tumhari Sulu,7.0
Julie 2,2.5
Kadvi Hawa,8.0
Firangi,4.5
Fukrey Returns,6.5
Monsoon Shootout,6.5
Ajji,7.0
Chalk n Duster,6.5
Rebellious Flower,6.8
Saankal,7.4
Airlift (film),8.0
Sallu Ki Shaadi,3.9
Irudhi Suttru,7.6
Kyaa Kool Hain Hum 3,1.9
Mastizaade,2.3
Dil Jo Na Keh Saka,7.0
Jugni (2016 film),6.2
Ghayal: Once Again,6.4
Fitoor,5.4
Sanam Re,3.1
Direct Ishq,4.0
Ishq Forever,3.8
Loveshhuda,4.4
Neerja,7.7
Aligarh (film),7.8
Bollywood Diaries,6.0
Love Shagun,5.8
Tere Bin Laden: Dead or Alive,4.3
Jai Gangaajal,5.6
Kapoor & Sons,7.7
Rocky Handsome,6.8
Love Games (film),4.3
Fan (film),7.1
Nil Battey Sannata,8.4
Laal Rang,8.0
Baaghi (2016 film),5.2
Global Baba,5.6
Shortcut Safari,6.1
The Blueberry Hunt,5.7
Santa Banta Pvt Ltd,2.9
Traffic (2016 film),6.7
1920: London,4.1
Azhar (film),5.8
Buddha in a Traffic Jam,6.8
Murari the Mad Gentleman,5.8
Dear Dad (film),6.5
Phobia (2016 film),6.9
Sarbjit (film),7.2
Veerappan (2016 film),5.3
Do Lafzon Ki Kahani (film),6.4
Te3n,7.2
Udta Punjab,7.8
Khel Toh Ab Shuru Hoga,0.0
Luv U Alia,5.3
7 Hours to Go,5.7
Raman Raghav 2.0,7.3
Junooniyat,4.2
Rough Book,7.3
Dhanak,8.0
Fredrick (film),5.0
Dil Toh Deewana Hai,7.1
Sultan (2016 film),7.0
Brahman Naman,5.6
Great Grand Masti,3.7
Waiting (2015 film),7.2
Ishq Click,4.4
M Cream,5.7
Madaari,7.5
Dishoom,5.1
Fever (2016 film),4.7
Rustom (film),7.1
Hai Apna Dil Toh Awara,6.4
Mohenjo Daro (film),5.7
Happy Bhag Jayegi,6.4
Waarrior Savitri,5.0
A Flying Jatt,3.2
Baar Baar Dekho,5.3
Freaky Ali,4.9
Raaz: Reboot,4.5
Pink (2016 film),8.2
Parched,7.6
Banjo (2016 film),5.0
Days of Tafree,7.4
Wah Taj,6.1
Island City (2015 film),6.8
Ek Kahani Julie Ki,0.0
M.S. Dhoni: The Untold Story,7.7
MSG: The Warrior Lion Heart,6.9
Devi (2016 film),5.4
Motu Patlu: King of Kings,7.5
Anna (2016 film),4.9
Fuddu,5.5
Saat Uchakkey,5.7
Beiimaan Love,2.9
Umrika,6.6
Shivaay,6.2
Dongari Ka Raja,4.0
Ae Dil Hai Mushkil,5.8
Tum Bin II,4.8
Rock On 2,5.0
Force 2,6.2
Dear Zindagi,7.6
Befikre,3.9
Moh Maya Money,5.7
Shorgul,5.7
Saansein,3.2
Ki & Ka,5.8
Wajah Tum Ho,4.3
Dangal (film),8.4
Mirzya (film),4.6
Prem Ratan Dhan Payo,4.6
Tanu Weds Manu: Returns,7.7
Tanu Weds Manu: Returns,7.7
31st October (film),5.9
ABCD 2,5.5
Dilwale (2015 film),5.2
Bajrangi Bhaijaan,8.0
Bajirao Mastani,7.2
Welcome Back (film),4.2
Baby (2015 Hindi film),8.0
Singh Is Bliing,5.1
Gabbar Is Back,7.1
Gabbar Is Back,7.1
Mumbai Can Dance Saala,2.7
Alone (2015 Hindi film),3.7
Tevar,4.1
Sharafat Gayi Tel Lene,5.1
Dolly Ki Doli,4.6
Hawaizaada,5.5
Khamoshiyan,4.0
Rahasya,7.6
Jai Jawaan Jai Kisaan (film),5.4
Shamitabh,6.8
Roy (film),3.3
Badlapur (film),7.4
Crazy Cukkad Family,5.3
Take It Easy (2015 film),7.8
Qissa (film),6.6
Ab Tak Chhappan 2,5.8
Dum Laga Ke Haisha,7.5
Dirty Politics (film),2.6
MSG: The Messenger,6.0
Badmashiyaan,4.6
Coffee Bloom,6.5
Hey Bro,3.3
NH10 (film),7.2
Hunterrr,7.0
Detective Byomkesh Bakshy!,7.6
Luckhnowi Ishq,6.9
Court (film),7.7
Margarita with a Straw,7.2
Ek Paheli Leela,3.7
Barkhaa,5.1
Mr. X (2015 film),3.7
NH-8 Road to Nidhivan,3.0
Dilliwali Zaalim Girlfriend,3.8
Dharam Sankat Mein,6.2
Kaagaz Ke Fools,3.9
Kuch Kuch Locha Hai,2.5
Piku,7.6
Bombay Velvet,5.7
I Love Desi,0.0
Dil Dhadakne Do,6.8
Welcome 2 Karachi,4.3
P Se PM Tak,3.9
Mere Genie Uncle,4.5
Hamari Adhuri Kahani,6.7
Miss Tanakpur Haazir Ho,5.4
Uvaa,4.9
Ishq Ke Parindey,6.7
Ishqedarriyaan,4.9
Sabki Bajegi Band,5.3
Masaan,8.1
Guddu Rangeela,5.3
Bezubaan Ishq,4.1
Aisa Yeh Jahaan,7.0
Second Hand Husband,3.8
I Love NY (2015 film),3.6
Main Hoon Part-Time Killer,7.3
Kaun Kitne Paani Mein,6.2
Drishyam (2015 film),8.2
Bangistan,4.6
All Is Well (2015 film),3.8
Brothers (2015 film),6.5
Gour Hari Dastaan,7.5
Manjhi – The Mountain Man,8.0
Thoda Lutf Thoda Ishq,4.1
Phantom (2015 film),5.8
Hero (2015 Hindi film),3.6
Sorry Daddy,5.4
Talvar (film),8.2
Katti Batti,4.9
Meeruthiya Gangsters,7.2
MSG-2 The Messenger,6.8
Calendar Girls (2015 film),4.2
Bhaag Johnny,5.1
Jazbaa,5.8
Bumper Draw,5.1
Chinar Daastaan-E-Ishq,7.0
Kis Kisko Pyaar Karoon,5.7
Pyaar Ka Punchnama 2,7.3
Wedding Pullav,3.9
Shaandaar,3.6
Titli (2014 film),7.6
Guddu Ki Gun,4.7
The Silent Heroes,6.6
Ranbanka,3.7
Dedh Ishqiya,7.1
Karle Pyaar Karle,2.8
Paranthe Wali Gali,5.1
Strings of Passion,6.8
Gunday,2.3
Jai Ho (film),5.2
Hasee Toh Phasee,6.8
Heartless (2014 film),5.2
Ya Rab,6.1
Darr @ the Mall,4.9
One by Two (2014 film),4.1
Babloo Happy Hai,6.8
Highway (2014 Hindi film),7.6
Gulabi Gang (film),7.5
Shaadi Ke Side Effects,5.6
Gulaab Gang,6.1
Queen (2014 film),8.2
Bewakoofiyaan,5.5
Total Siyapaa,5.0
Dee Saturday Night,0.0
Karar: The Deal,4.3
Lakshmi (2014 film),8.0
Ragini MMS 2,3.8
Dishkiyaoon,5.2
Ankhon Dekhi,8.0
Gang of Ghosts,3.6
Anuradha (2014 film),0.0
W (2014 film),6.8
O Teri,3.4
Honour Killing (film),2.3
2 States (2014 film),6.9
Jal (film),6.8
Bhoothnath Returns,6.7
Main Tera Hero,5.2
Lucky Kabootar,5.3
Station (2014 film),7.5
Youngistaan,5.1
Samrat & Co.,6.3
Purani Jeans,6.2
Kya Dilli Kya Lahore,7.4
Koyelaanchal,5.6
Manjunath (film),7.3
Dekh Tamasha Dekh,6.2
Mastram,4.8
The Xposé,3.2
Children of War (2014 film),6.7
Hawaa Hawaai,7.4
Kahin Hai Mera Pyar,6.5
Kuku Mathur Ki Jhand Ho Gayi,5.4
Heropanti,5.3
CityLights (2014 film),7.3
Filmistaan,7.3
Revolver Rani,4.6
Kaanchi: The Unbreakable,4.3
Machhli Jal Ki Rani Hai,2.7
Khwaabb,5.6
Yeh Hai Bakrapur,3.8
Ek Villain,6.4
Bobby Jasoos,5.5
Humshakals,1.8
Humpty Sharma Ki Dulhania,6.0
Hate Story 2,4.4
Lekar Hum Deewana Dil,4.9
Riyasat (film),6.5
Amit Sahni Ki List,5.5
Holiday: A Soldier Is Never Off Duty,7.2
Fugly (film),4.7
Bazaar E Husn,5.0
Pizza (2014 film),6.2
Entertainment (2014 film),4.5
Singham Returns,5.7
Mardaani,7.3
Raja Natwarlal,6.1
Mary Kom (film),6.8
Creature 3D,3.1
Finding Fanny,5.8
Khoobsurat (2014 film),6.4
3 A.M. (2014 film),5.4
Kick (2014 film),5.3
Mad About Dance,6.2
Mumbhai Connection,5.4
Life Is Beautiful (2014 film),5.3
Desi Kattey,4.2
Haider (film),8.1
Bang Bang!,5.5
Spark (2014 film),5.7
Daawat-e-Ishq,6.1
Balwinder Singh Famous Ho Gaya,3.8
Jigariyaa,4.9
Tamanchey,4.6
Mumbai 125 KM,2.7
Meinu Ek Ladki Chaahiye,3.5
Chaarfutiya Chhokare,6.4
Sonali Cable,5.5
Happy New Year (2014 film),5.1
Super Nani,4.7
Ekkees Toppon Ki Salaami,6.1
Rang Rasiya,7.1
The Shaukeens,5.0
Roar: Tigers of the Sundarbans,5.7
A Decent Arrangement,5.7
Gollu Aur Pappu,4.5
Titoo MBA,4.8
Kill Dil,4.3
Ungli,5.7
Happy Ending (film),5.4
Zed Plus,6.5
Zid (2014 film),4.4
Action Jackson (2014 film),3.2
Bhopal: A Prayer for Rain,7.2
Mumbai Delhi Mumbai,5.8
Badlapur Boys,4.7
Main Aur Mr. Riight,5.2
Ugly (film),8.1
PK (film),8.1
Dehraadun Diary,5.9
Matru Ki Bijlee Ka Mandola,5.6
Sulemani Keeda,7.2
Inkaar (2013 film),6.1
Gangoobai,7.5
Akaash Vani,6.2
Main Krishna Hoon,5.5
Race 2,5.3
Bandook,6.1
Listen... Amaya,6.8
Special 26,8.0
Murder 3,4.9
Zila Ghaziabad,3.5
Kai Po Che!,7.6
Bloody Isshq,7.8
Saare Jahaan Se Mehnga,7.1
3G (film),3.6
Mere Dad Ki Maruti,6.4
Jolly LLB,7.5
Saheb Biwi Aur Gangster Returns,6.8
Mai (2013 film),6.8
Vishwaroopam,8.2
Rangrezz,5.1
Aashiqui 2,7.0
Ek Thi Daayan,5.7
Himmatwala (2013 film),1.7
Nautanki Saala!,5.8
Jayantabhai Ki Luv Story,5.3
Commando: A One Man Army,6.1
Bombay Talkies (film),6.7
Go Goa Gone,6.6
Gippi,5.6
Aurangzeb (film),6.5
Ishkq in Paris,3.8
Zindagi 50-50,2.7
Yeh Jawaani Hai Deewani,7.1
Fukrey,6.9
Chhota Bheem and the Throne of Bali,6.8
Raanjhanaa,7.6
Ankur Arora Murder Case,6.5
Shortcut Romeo,2.4
Ghanchakkar (film),5.8
Hum Hai Raahi Car Ke,3.0
Policegiri,4.0
Bhaag Milkha Bhaag,8.2
Sixteen (2013 Indian film),6.3
B.A. Pass,6.4
Enemmy,5.1
Issaq,4.4
Bajatey Raho,5.3
Luv U Soniyo,5.5
Nasha (film),3.2
Chor Chor Super Chor,6.7
Calapor (film),5.2
D-Day (2013 film),7.2
Siddharth (2013 film),7.3
Once Upon ay Time in Mumbai Dobaara!,4.6
Madras Cafe,7.7
Satyagraha (film),5.9
Shuddh Desi Romance,5.7
Ramaiya Vastavaiya,5.6
Chennai Express,6.0
Grand Masti,4.3
John Day (film),5.7
Horror Story (film),4.3
Phata Poster Nikhla Hero,4.8
Ship of Theseus (film),8.0
The Lunchbox,7.8
Baat Bann Gayi,5.4
Boss (2013 Hindi film),5.1
Shahid (film),8.3
Mickey Virus,6.1
Satya 2,5.9
Rajjo,2.8
Maazii,6.7
Sooper Se Ooper,4.3
Prague (2013 film),5.9
Wake Up India,6.3
Super Model (film),1.9
Gori Tere Pyaar Mein,5.0
What the Fish,5.1
Jackpot (2013 film),2.0
Table No. 21,7.1
Bullett Raja,5.0
Dhoom 3,5.4
Chashme Baddoor (2013 film),5.4
Lootera,7.3
War Chhod Na Yaar,5.5
Chaalis Chauraasi,6.1
Ghost (2012 film),2.2
Sadda Adda,7.1
Singh Saab the Great,5.7
Goliyon Ki Raasleela Ram-Leela,6.4
Agneepath (2012 film),6.9
Ek Main Aur Ekk Tu,5.7
Ekk Deewana Tha,5.9
?: A Question Mark,5.5
Jodi Breakers,3.5
Tere Naal Love Ho Gaya,5.8
Staying Alive (2012 film),5.7
Paan Singh Tomar (film),8.2
Kahaani,8.1
Zindagi Tere Naam,4.7
Agent Vinod (2012 film),5.1
Blood Money (2012 film),5.1
Bumboo,7.2
Valentine's Night,2.7
Married 2 America,4.3
Chaar Din Ki Chandni,4.1
Bittoo Boss,4.1
Vicky Donor,7.8
Hate Story,5.3
Tezz,3.9
Dangerous Ishhq,3.9
Ishaqzaade,6.5
Department (film),3.2
Fatso!,5.7
Arjun: The Warrior Prince,6.8
Life Ki Toh Lag Gayi,5.5
Shanghai (2012 film),7.2
Ferrari Ki Sawaari,6.4
Teri Meri Kahaani (film),4.7
Mr. Bhatti on Chutti,4.0
Yeh Khula Aasmaan,6.9
Rakhtbeej,3.1
Gangs of Wasseypur,8.2
Gangs of Wasseypur – Part 2,8.2
Cocktail (2012 film),6.3
Gattu,7.3
Kyaa Super Kool Hain Hum,5.0
Maximum (film),4.9
Paanch Ghantey Mien Paanch Crore,5.2
Ek Tha Tiger,5.5
Challo Driver,6.0
Shirin Farhad Ki Toh Nikal Padi,4.2
Joker (2012 film),2.4
Aalaap (film),5.8
Mere Dost Picture Abhi Baki Hai,3.5
Krishna Aur Kans,6.3
From Sydney with Love,6.2
Jalpari: The Desert Mermaid,7.2
Barfi!,8.1
Heroine (2012 film),5.1
Chal Pichchur Banate Hain,6.3
Kismat Love Paisa Dilli,4.2
Jeena Hai Toh Thok Daal,6.0
OMG – Oh My God!,8.2
Aiyyaa,4.3
Chittagong (film),7.2
Bhoot Returns,2.5
Delhi Safari,5.7
Chakravyuh (2012 film),6.8
Student of the Year,5.4
Ajab Gazabb Love,4.2
Rush (2012 film),3.7
1920: The Evil Returns,4.8
Sons of Ram,6.5
Ata Pata Laapata,5.6
Jab Tak Hai Jaan,6.7
Talaash: The Answer Lies Within,7.2
Login (film),6.2
Son of Sardaar,4.0
Cigarette Ki Tarah,4.5
Dabangg 2,4.9
Players (2012 film),4.1
Housefull 2,5.2
Bol Bachchan,5.5
English Vinglish,7.8
Impatient Vivek,2.3
Yamla Pagla Deewana,5.6
Mumbai Mast Kallander,5.8
Dhobi Ghat (film),7.0
Turning 30,5.2
Hostel (2011 film),5.1
Dil Toh Baccha Hai Ji,5.7
United Six,3.9
Utt Pataang,6.1
Patiala House (film),5.6
7 Khoon Maaf,6.1
Tanu Weds Manu,6.7
F.A.L.T.U,4.6
Memories in March,7.1
Thank You (2011 film),4.6
Angel (2011 film),6.5
Happy Husbands (2011 film),3.6
Teen Thay Bhai,4.3
Dum Maaro Dum (film),6.2
Shor in the City,7.2
Zokkomon,4.0
Chalo Dilli,6.8
Aashiqui.in,3.7
Satrangee Parachute,5.5
Monica (film),5.6
I Am (2010 Indian film),6.9
Naughty @ 40,2.5
Haunted – 3D,6.2
Love U...Mr. Kalakaar!,5.4
Ragini MMS,4.9
Stanley Ka Dabba,7.8
Shagird (2011 film),7.0
404 (film),7.2
Shaitan (film),7.2
Pyaar Ka Punchnama,7.7
Bheja Fry 2,4.7
Always Kabhi Kabhi,4.0
Double Dhamaal,3.8
Bbuddah... Hoga Terra Baap,5.6
Delhi Belly (film),7.5
Murder 2,6.2
Chillar Party,7.4
Zindagi Na Milegi Dobara,8.1
Dear Friend Hitler,2.6
I Am Kalam,8.0
Bin Bulaye Baraati,3.9
Kucch Luv Jaisaa,4.3
Singham,6.7
Khap (film),5.8
Bubble Gum (film),7.3
Shabri,5.7
Phhir,5.3
Aarakshan,6.2
Chatur Singh Two Star,1.7
Sahi Dhandhe Galat Bande,4.9
Bodyguard (2011 Hindi film),4.6
Yeh Dooriyan,5.1
Not a Love Story (2011 film),5.0
Hum Tum Shabana,3.7
Mummy Punjabi,5.5
Mere Brother Ki Dulhan,5.8
Mausam (2011 film),4.7
U R My Jaan,6.0
Force (2011 film),6.4
Saheb Biwi Aur Gangster,7.2
Tere Mere Phere,5.4
Breakaway (2011 film),5.7
Chargesheet (film),6.3
Love Breakups Zindagi,5.7
Mujhse Fraaandship Karoge,6.9
Aazaan,4.4
Ra.One,4.6
Rockstar (2011 film),7.7
Miley Naa Miley Hum,3.0
Tell Me O Kkhuda,2.5
Damadamm!,4.0
Ladies vs Ricky Bahl,5.9
Desi Boyz,5.7
Game (2011 film),5.1
No One Killed Jessica,7.2
Rascals (2011 film),2.9
The Dirty Picture,6.6
Pyaar Impossible!,4.6
Chance Pe Dance,4.7
My Friend Pinto,5.3
Veer (2010 film),4.6
Striker (2010 film),7.0
Rann (film),6.9
Ishqiya,7.3
Road to Sangam,7.5
Jo Hum Chahein,5.4
Click (2010 film),3.5
Toh Baat Pakki!,5.2
My Name Is Khan,8.0
Teen Patti (film),4.1
Karthik Calling Karthik,7.0
Don 2,7.1
Rokkk,4.3
Aakhari Decision,6.1
Right Yaaa Wrong,6.4
Sukhmani: Hope for Life,5.7
Thanks Maa,8.0
Na Ghar Ke Na Ghaat Ke,6.2
Trump Card (film),2.7
Shaapit,5.5
Hum Tum Aur Ghost,4.7
Well Done Abba,7.3
Tum Milo Toh Sahi,5.7
Jaane Kahan Se Aayi Hai,3.8
Prem Kaa Game,3.5
Sadiyaan,4.6
The Japanese Wife,7.6
Paathshaala,4.9
Phoonk 2,3.2
Lahore (film),6.4
Apartment (film),3.4
City of Gold (2010 film),6.8
Chase (2010 film),4.8
Housefull (2010 film),5.3
Mittal v/s Mittal,4.8
It's a Wonderful Afterlife,5.3
Prince (2010 film),4.2
Raavan,5.4
Bumm Bumm Bole,6.0
Kushti (film),4.3
Kites (film),6.0
Love Sex Aur Dhokha,7.1
Milenge Milenge,4.1
Ek Second... Jo Zindagi Badal De?,3.5
Mr. Singh Mrs. Mehta,4.2
Lamhaa,5.0
Khatta Meetha (2010 film),5.6
Tere Bin Laden,7.2
Udaan (2010 film),8.2
Once Upon a Time in Mumbaai,7.4
Help (film),4.4
Peepli Live,7.4
Lafangey Parindey,5.2
Hello Darling,2.7
Antardwand,7.4
Aashayein,7.1
Soch Lo,6.6
Dabangg,6.3
Khichdi: The Movie,7.2
Red Alert: The War Within,6.4
Life Express (2010 film),4.8
The Film Emotional Atyachar,6.0
Hisss,2.9
Crook (film),5.0
Do Dooni Chaar,7.6
Aakrosh (2010 film),7.0
Ramayana: The Epic,5.9
Knock Out (2010 film),5.9
Jhootha Hi Sahi,6.1
Guzaarish (film),7.4
Allah Ke Banday,6.2
Break Ke Baad,5.2
Khuda Kasam,4.2
Phas Gaye Re Obama,7.5
Malik Ek,7.3
A Flat (film),4.6
No Problem (2010 film),4.2
Band Baaja Baaraat,7.2
Kaalo,3.2
Mirch,6.6
Tees Maar Khan (2010 film),2.5
Isi Life Mein,5.7
Toonpur Ka Super Hero,4.2
Tera Kya Hoga Johnny,6.0
Ramaa: The Saviour,3.4
I Hate Luv Storys,5.6
Dulha Mil Gaya,4.2
Anjaana Anjaani,5.8
Dunno Y... Na Jaane Kyon,3.7
Pankh,3.9
Action Replayy,4.2
3 Idiots,8.4
Luck by Chance,7.0
Love Aaj Kal,6.8
Wanted (2009 film),6.6
Delhi-6,6.0
Raaz: The Mystery Continues,5.6
Aasma: The Sky Is the Limit,3.8
Ajab Prem Ki Ghazab Kahani,6.3
Chal Chala Chal,4.6
Billu,6.1
The Stoneman Murders,7.4
Kisse Pyaar Karoon,3.3
Dhoondte Reh Jaaoge,5.6
Karma Aur Holi,3.0
Victory (2009 film),3.7
Kaminey,7.4
Jai Veeru,3.5
Little Zizou,6.7
Gulaal (film),8.1
Aloo Chaat (film),5.8
Barah Aana,6.8
Firaaq,7.4
Aa Dekhen Zara,5.0
99 (2009 film),7.3
Ek: The Power of One,4.8
Ek Se Bure Do,4.2
Sikandar (2009 film),6.4
Zor Lagaa Ke...Haiya!,6.4
Paying Guests,4.2
New York (2009 film),6.8
Sankat City,6.2
Shortkut,3.4
Luck (2009 film),4.8
Life Partner,5.2
Daddy Cool (2009 Hindi film),3.9
Kisaan,5.4
Yeh Mera India,7.8
Aagey Se Right,5.1
Chintu Ji,5.8
Quick Gun Murugun,5.9
Fox (film),5.2
Baabarr,5.2
Phir Kabhi,6.9
Vaada Raha,5.4
Dil Bole Hadippa!,4.5
What's Your Raashee?,4.6
Acid Factory,5.0
All the Best: Fun Begins,6.1
Wake Up Sid,7.6
Main Aurr Mrs Khanna,3.6
Blue (2009 film),3.7
Bal Ganesh 2,7.4
Fruit and Nut (film),3.0
Aladin (film),4.6
London Dreams,5.4
Jail (2009 film),6.2
Tum Mile,4.9
Kurbaan (2009 film),5.7
De Dana Dan,5.3
Paa (film),7.2
Rocket Singh: Salesman of the Year,7.5
Raat Gayi Baat Gayi?,6.3
Accident on Hill Road,3.9
Chandni Chowk to China,4.0
Dostana (2008 film),6.5
Race (2008 film),6.6
Rab Ne Bana Di Jodi,7.1
Ghajini (2008 film),7.3
Singh Is Kinng,5.7
Golmaal Returns,5.1
Jodhaa Akbar,7.6
Bachna Ae Haseeno,6.2
Bhoothnath,6.3
Sarkar Raj,6.8
Halla Bol,6.1
Humne Jeena Seekh Liya,7.0
Bombay to Bangkok,4.6
Tulsi (film),6.2
Sunday (2008 film),5.3
One Two Three,5.2
Krazzy 4,4.2
U Me Aur Hum,5.9
Sirf (film),6.0
Tashan (film),3.8
Anamika (2008 film),3.3
Jimmy (2008 film),1.5
Jannat (film),6.9
Don Muthu Swami,4.9
Woodstock Villa,3.4
Mere Baap Pehle Aap,5.3
Summer 2007,6.4
De Taali,4.0
Haal-e-Dil,3.4
Thodi Life Thoda Magic,4.2
Thoda Pyaar Thoda Magic,4.9
Via Darjeeling,5.5
Kismat Konnection,5.2
Love Story 2050,2.6
Contract (2008 film),4.2
Mission Istaanbul,3.4
Money Hai Toh Honey Hai,2.8
God Tussi Great Ho,3.6
Mumbai Meri Jaan,7.7
Maan Gaye Mughal-e-Azam,3.1
Rock On!!,7.8
C Kkompany,5.4
Chamku,4.0
Mukhbiir,6.9
Tahaan,7.1
1920 (film),6.4
The Last Lear,7.0
Welcome to Sajjanpur,6.9
Saas Bahu Aur Sensex,5.2
Hari Puttar: A Comedy of Terrors,1.9
Drona (2008 film),2.0
Hello (2008 film),3.3
Karzzzz,2.1
Heroes (2008 film),5.6
Roadside Romeo,5.2
Ek Vivaah... Aisa Bhi,5.3
Deshdrohi,1.5
Fashion (2008 film),6.9
Dasvidaniya,7.8
Yuvvraaj,4.1
Oye Lucky! Lucky Oye!,7.7
Oh My God (2008 film),5.4
Sorry Bhai!,6.1
1971 (2007 film),7.9
Meerabai Not Out,4.0
Wafa: A Deadly Love Story,3.9
Gumnaam – The Mystery,3.7
Dil Kabaddi,5.8
Aag (2007 film),1.7
Aap Kaa Surroor,2.1
Aggar (film),4.0
Anwar (2007 film),6.7
Aaja Nachle,6.3
Apne,6.0
Awarapan,7.2
Bheja Fry (film),7.6
Bhool Bhulaiyaa,7.2
Bhram,4.1
Big Brother (2007 film),3.8
68 Pages,6.4
Aur Pappu Paas Ho Gaya,3.2
Apna Asmaan,6.2
Black Friday (2007 film),8.5
The Blue Umbrella (2005 film),7.6
Blood Brothers (2007 Indian film),8.2
Buddha Mar Gaya,2.5
Cash (2007 film),3.4
Cheeni Kum,6.8
Chhodon Naa Yaar,4.7
Darling (2007 Indian film),3.8
Chak De! India,8.2
Dhamaal,7.2
Goal (2007 Hindi film),4.9
Dharm (film),8.0
Bombay to Goa (2007 film),4.5
Dhokha,6.3
Dil Dosti Etc,7.0
Dhol (film),6.2
Ek Chalis Ki Last Local,7.3
Familywala,5.8
Gandhi My Father,7.3
Don't Stop Dreaming,4.5
Dus Kahaniyaan,5.7
Eklavya: The Royal Guard,6.1
Go (2007 film),2.8
Gauri: The Unborn,3.6
Heyy Babyy,6.0
Guru (2007 film),7.7
Honeymoon Travels Pvt. Ltd.,6.1
Jahan Jaaeyega Hamen Paaeyega,4.3
Jhoom Barabar Jhoom,3.7
Jab We Met,7.9
Good Boy Bad Boy,3.7
Fool & Final,3.3
Khoya Khoya Chand,6.3
Johnny Gaddaar,7.8
Just Married (2007 film),5.4
Kya Love Story Hai,3.6
Kudiyon Ka Hai Zamana,3.6
Hastey Hastey,2.0
Laaga Chunari Mein Daag,5.3
Life in a... Metro,7.4
Loins of Punjab Presents,7.0
Manorama Six Feet Under,7.7
Marigold (2007 film),4.8
MP3: Mera Pehla Pehla Pyaar,7.1
Hattrick (film),4.2
Naqaab,5.3
Mumbai Salsa,5.0
The Namesake (film),7.5
Namastey London,7.1
My Bollywood Bride,4.7
Nehlle Pe Dehlla,3.8
Nishabd,5.4
No Smoking (2007 film),7.2
Om Shanti Om,6.7
Partner (2007 film),5.7
Raqeeb,4.2
Nanhe Jaisalmer,6.0
Life Mein Kabhie Kabhiee,5.9
Risk (2007 film),6.7
Shakalaka Boom Boom,2.4
Red Swastik,2.9
Salaam-e-Ishq: A Tribute to Love,5.1
Saawariya,5.3
Sarhad Paar,4.2
Say Salaam India,6.4
Red: The Dark Side,3.3
Shootout at Lokhandwala,7.1
Strangers (2007 Hindi film),5.0
Swami (2007 film),7.0
Taare Zameen Par,8.4
Ta Ra Rum Pum,5.6
Speed (2007 film),2.9
Traffic Signal (film),6.5
The Train (2007 film),4.3
Showbiz (film),3.8
Sunglass (film),6.5
Welcome (2007 film),6.8
36 China Town,5.6
Aap Ki Khatir (2006 film),3.5
Ahista Ahista (2006 film),7.0
Aksar,4.8
Alag,3.8
Anthony Kaun Hai?,5.4
Apna Sapna Money Money,5.2
Ankahee (2006 film),4.1
Yatra (2007 film),6.3
Baabul (2006 film),5.4
Aisa Kyon Hota Hai?,4.3
Adharm (2006 film),5.1
Being Cyrus,7.2
Banaras (2006 film),6.2
Bas Ek Pal,5.9
Bhagam Bhag,6.3
Chingaari,4.7
Bhoot Unkle,4.1
Chand Ke Paar Chalo (film),7.3
Aryan: Unbreakable,4.5
Chup Chup Ke,6.7
Corporate (2006 film),6.5
Darna Zaroori Hai,5.4
Deadline: Sirf 24 Ghante,6.3
Dil Diya Hai,3.4
Darwaaza Bandh Rakho,5.3
Eight: The Power of Shani,4.7
Dhoom 2,6.5
Dor (film),8.0
Don (2006 Hindi film),7.2
Family (2006 film),5.6
Fanaa (2006 film),7.2
Gangster (2006 film),7.1
Golmaal: Fun Unlimited,7.4
Devaki (2005 film),4.3
Fight Club – Members Only,3.2
Dharti Kahe Pukar Ke (2006 film),6.3
Humko Deewana Kar Gaye,5.2
Humko Tumse Pyaar Hai,4.8
I See You (2006 film),4.1
Jaane Hoga Kya,2.8
Jaan-E-Mann,6.0
Jawani Diwani: A Youthful Joyride,2.8
Holiday (2006 film),4.7
Iqraar by Chance,4.7
Khosla Ka Ghosla,8.3
Kabhi Alvida Naa Kehna,6.1
Love Ke Chakkar Mein,4.2
Lage Raho Munna Bhai,8.1
Kabul Express,6.8
Jigyaasa,3.6
Krrish,6.3
Malamaal Weekly,6.9
Omkara (2006 film),8.1
Pyaar Ke Side Effects,6.7
Naksha,3.1
Phir Hera Pheri,6.7
Pyare Mohan,3.2
Mere Jeevan Saathi (2006 film),3.5
Sacred Evil – A True Story,6.0
Rang De Basanti,8.2
Shaadi Karke Phas Gaya Yaar,4.0
Sandwich (2006 film),5.4
Shaadi Se Pehle,4.0
Saawan... The Love Season,2.2
Shiva (2006 film),4.0
Souten: The Other Woman,4.8
Shikhar (film),4.9
Tathastu,4.5
The Killer (2006 film),4.6
Umrao Jaan (2006 film),5.5
Taxi No. 9211,7.2
Teesri Aankh: The Hidden Camera,2.5
Vivah,6.6
Utthaan,4.4
Waris Shah: Ishq Daa Waaris,7.0
Woh Lamhe...,6.6
Yun Hota Toh Kya Hota,6.7
Umar (film),5.7
Zindaggi Rocks,4.0
Tom Dick and Harry (2006 film),3.2
Aashiq Banaya Aapne,4.2
Anjaane (2005 film),4.0
Apaharan,7.4
Bachke Rehna Re Baba,2.7
7½ Phere,5.4
Barsaat (2005 film),4.0
Bewafaa (2005 film),4.3
Black (2005 film),8.2
Zinda (film),5.0
Bluffmaster!,6.6
99.9 FM (film),4.8
Bhola in Bollywood,6.6
Bhagmati (2005 film),6.5
Blackmail (2005 film),4.1
Bunty Aur Babli,6.2
Chaahat – Ek Nasha,4.0
Chetna: The Excitement,3.2
Chand Sa Roshan Chehra,4.9
Chocolate (2005 film),4.8
D (film),6.8
Deewane Huye Paagal,5.3
Bullet: Ek Dhamaka,3.7
Chehraa,3.8
Dil Jo Bhi Kahey...,4.8
Dosti: Friends Forever,5.5
Classic – Dance of Love,4.9
Dus,5.5
Elaan (2005 film),4.4
Fareb (2005 film),4.3
Ek Ajnabee,5.2
Fun – Can Be Dangerous Sometimes,3.3
Ek Khiladi Ek Haseena (film),5.8
Double Cross (2005 film),4.1
Dreams (2006 film),6.8
Home Delivery,3.2
Garam Masala (2005 film),6.7
Iqbal (film),8.1
Jai Chiranjeeva,5.8
Hazaaron Khwaishein Aisi,7.9
Insan,4.6
Jo Bole So Nihaal (film),3.5
Karam (film),5.5
Kaal (2005 film),4.6
Kalyug (2005 film),6.5
Kasak (2005 film),4.6
Hanuman (2005 film),7.3
James (2005 film),3.6
Kisna: The Warrior Poet,4.5
Koi Aap Sa,5.4
Khamoshh... Khauff Ki Raat,3.3
Jurm (2005 film),5.5
Kuchh Meetha Ho Jaye,3.4
Kyaa Kool Hai Hum,6.1
Lucky: No Time for Love,4.7
Main Aisa Hi Hoon,4.7
Kyon Ki,5.5
Main Meri Patni Aur Woh,7.3
Maine Gandhi Ko Nahin Mara,7.4
Maine Pyaar Kyun Kiya?,5.5
Mangal Pandey: The Rising,6.6
Koi Mere Dil Mein Hai,4.8
Mr Prime Minister,5.1
My Brother…Nikhil,7.3
My Wife's Murder,6.2
Naina (2005 film),4.3
Neal 'n' Nikki,3.2
No Entry,6.6
Padmashree Laloo Prasad Yadav,2.5
Page 3 (film),7.3
Morning Raga,6.9
Parineeta (2005 film),7.2
Pehchaan: The Face of Truth,5.8
Paheli,6.5
Rog,5.1
Pyaar Mein Twist,5.9
Salaam Namaste,6.2
Revati (film),5.2
Sarkar (2005 film),7.6
Sehar,7.8
Shabd (film),5.1
Shabnam Mausi,6.2
Sheesha (2005 film),3.5
Ramji Londonwaley,6.7
Silsiilay,4.1
Socha Na Tha,7.5
Taj Mahal: An Eternal Love Story,5.2
Tango Charlie,6.0
The Film,6.5
Vaada (film),5.6
Vaah! Life Ho Toh Aisi!,4.4
Ssukh,5.3
Shaadi No. 1,3.5
Viruddh... Family Comes First,7.1
Waqt: The Race Against Time,6.8
Vidyaarthi,5.0
Yakeen (2005 film),5.1
Zeher,5.4
Veer-Zaara,7.8
Main Hoon Na,7.0
Zameer: The Fire Within,2.9
Mujhse Shaadi Karogi,6.7
Dhoom,6.7
Khakee,7.4
Hum Tum,7.0
Hulchul (2004 film),6.9
Murder (2004 film),5.4
Yuva,7.4
Aitraaz,6.6
Aetbaar,4.6
Ab Tumhare Hawale Watan Saathiyo,4.6
Aan: Men at Work,5.7
Bardaasht,6.0
Chameli (film),7.1
Agnipankh,5.4
Asambhav,3.4
Charas (2004 film),5.2
Deewaar (2004 film),6.0
Dev (2004 film),6.9
Dil Maange More,5.1
Dil Ne Jise Apna Kahaa,4.4
Dobara,3.1
Aabra Ka Daabra,2.3
Dil Bechara Pyaar Ka Maara,4.0
Gayab,4.2
Fida,5.5
Garv: Pride & Honour,5.5
Ek Se Badhkar Ek (2004 film),4.7
Ek Hasina Thi (film),7.6
Girlfriend (2004 film),3.2
Hatya (2004 film),4.4
Hava Aney Dey,6.2
Hawas (2004 film),2.7
Hyderabad Blues 2,6.2
Julie (2004 film),4.1
Kaun Hai Jo Sapno Mein Aaya,5.1
Inteqam: The Perfect Game,5.3
Kis Kis Ki Kismat,2.5
Insaaf: The Justice,4.0
I Proud to Be an Indian,6.1
Khamosh Pani,7.6
Kismat (2004 film),3.7
Lakeer – Forbidden Lines,4.4
Krishna Cottage,5.1
Kyun! Ho Gaya Na...,4.2
Madhoshi,4.6
Lakshya (film),7.9
Ishq Hai Tumse,3.1
Maqbool,8.2
Masti (2004 film),6.2
Meenaxi: A Tale of Three Cities,6.2
Musafir (2004 film),5.5
Muskaan,4.4
Meri Biwi Ka Jawaab Nahin,3.9
Naach (2004 film),4.2
Netaji Subhas Chandra Bose: The Forgotten Hero,7.5
Paap,5.2
Phir Milenge,6.1
Plan (film),4.2
Police Force: An Inside Story,4.6
Paisa Vasool,4.1
Popcorn Khao! Mast Ho Jao,4.0
Rakht,3.7
Raincoat (film),7.6
Rudraksh (film),2.6
Shaadi Ka Laddoo,5.2
Run (2004 film),4.8
Rok Sako To Rok Lo,4.4
Suno Sasurjee,2.4
Swades,8.2
Taarzan: The Wonder Car,4.4
Nothing but Life,7.4
Shart: The Challenge,3.7
Tumsa Nahin Dekha: A Love Story,4.5
Vaastu Shastra (film),4.9
Yeh Lamhe Judaai Ke,3.8
Sheen (film),6.3
Dude Where's the Party?,4.9
Thoda Tum Badlo Thoda Hum,5.7
Koi... Mil Gaya,7.1
Kal Ho Naa Ho,8.0
Shukriya: Till Death Do Us Apart,5.3
Chalte Chalte (2003 film),6.5
The Hero: Love Story of a Spy,5.2
Baghban (2003 film),7.4
Main Prem Ki Diwani Hoon,4.0
LOC Kargil,5.1
Border (1997 film),5.1
Munna Bhai M.B.B.S.,8.1
Qayamat: City Under Threat,4.7
88 Antop Hill,4.6
3 Deewarein,7.9
Aanch,6.1
Aapko Pehle Bhi Kahin Dekha Hai,4.8
Bhoot (film),6.5
Boom (film),2.3
Aaj Ka Andha Kanoon,3.3
Andaaz,5.3
Andaaz,5.3
Armaan (2003 film),5.2
Chori Chori (2003 film),4.8
Calcutta Mail,5.7
Baaz: A Bird in Danger,3.1
Basti (film),7.5
Magic Magic 3D,3.9
Dil Ka Rishta,4.7
Darna Mana Hai,6.3
Dhoop,7.2
Dhund (2003 film),2.3
Chura Liyaa Hai Tumne,3.7
The Bypass,7.6
Dum (2003 Hindi film),5.6
Dil Pardesi Ho Gayaa,4.8
Ek Alag Mausam,7.0
Footpath (2003 film),5.3
Escape from Taliban,4.5
Ek Din 24 Ghante,4.0
Gangaajal,7.8
Hawa (film),3.3
Haasil,7.6
Final Solution (2003 film),8.7
Ek Aur Ek Gyarah,5.2
Hungama (2003 film),7.5
Green Card Fever,5.9
Flavors (film),7.2
Indian Babu,4.7
Fun2shh... Dudes in the 10th Century,4.6
Inteha (2003 film),5.3
Jaal: The Trap,4.1
Ishq Vishk,6.0
Hawayein,6.2
Jajantaram Mamantaram,5.7
Jism (2003 film),5.2
Jhankaar Beats,7.2
Ganges: River to Heaven,7.4
Kagaar: Life on the Edge,6.2
Kash Aap Hamare Hote,5.2
Khel – No Ordinary Game,4.0
Janasheen,2.9
Kaise Kahoon Ke... Pyaar Hai,3.8
Khushi (2003 Hindi film),4.4
Khwahish,4.2
Kucch To Hai,4.2
Kuch Naa Kaho,5.4
Main Madhuri Dixit Banna Chahti Hoon,6.0
Joggers' Park (film),6.2
Market (2003 film),3.6
Om (2003 film),4.0
Out of Control (2003 film),3.3
Mumbai Matinee,5.2
Matrubhoomi,7.7
Parwana (2003 film),2.1
Pinjar (film),8.0
Mumbai Se Aaya Mera Dost,3.3
Saaya (2003 film),5.8
Samay: When Time Strikes,6.9
Nayee Padosan,5.4
Satta (film),6.9
Sssshhh...,4.3
Praan Jaye Par Shaan Na Jaye,6.3
Raghu Romeo,6.9
Stumped (film),2.6
Rules: Pyaar Ka Superhit Formula,6.5
Right Here Right Now (film),8.0
Raja Bhaiya (film),3.8
Tere Naam,7.1
Tujhe Meri Kasam,6.5
Talaash: The Hunt Begins...,4.7
Tehzeeb (2003 film),6.0
The Pink Mirror,4.4
Yeh Dil,3.9
Xcuse Me,5.7
Raaz (2002 film),6.5
Zameen (2003 film),5.3
Waisa Bhi Hota Hai Part II,7.3
Devdas (2002 Hindi film),7.6
Kaante,6.6
Hum Tumhare Hain Sanam,5.4
Aankhen (2002 film),7.4
Saathiya (film),6.8
Company (film),8.0
Awara Paagal Deewana,6.2
Humraaz,6.3
16 December (film),6.9
23rd March 1931: Shaheed,5.0
Agni Varsha,4.6
Ab Ke Baras,3.4
Aap Mujhe Achche Lagne Lage,3.1
Annarth,3.1
Ansh: The Deadly Part,6.3
Mujhse Dosti Karoge!,5.0
Bollywood Queen,4.6
Badhaai Ho Badhaai,4.4
Chor Machaaye Shor,4.2
Chalo Ishq Ladaaye,4.4
Akhiyon Se Goli Maare,5.0
Bomb the System,6.6
Baaja,6.6
Be-Lagaam,3.1
Deewangee,6.6
Dil Vil Pyar Vyar,5.2
Dil Hai Tumhaara,5.3
Ek Chhotisi Love Story,2.9
Encounter: The Killing,6.8
Filhaal...,5.5
Ghaav: The Wound,6.5
Gunaah (2002 film),3.3
Haan Maine Bhi Pyaar Kiya,3.7
Hum Kisise Kum Nahin (2002 film),4.4
Hum Pyar Tumhi Se Kar Baithe,5.8
Jaani Dushman: Ek Anokhi Kahani,2.8
Jeena Sirf Merre Liye,4.5
Karz: The Burden of Truth,3.9
Kabhie Tum Kabhie Hum,4.7
Kehtaa Hai Dil Baar Baar,4.7
Koi Mere Dil Se Poochhe,3.4
Kranti (2002 film),3.7
Kuch Tum Kaho Kuch Hum Kahein,5.6
Kya Yehi Pyaar Hai,3.8
Kyaa Dil Ne Kahaa,3.0
Kitne Door Kitne Paas,4.5
Maa Tujhhe Salaam (2002 film),3.4
Maine Dil Tujhko Diya,3.8
Makdee,7.4
Hathyar (2002 film),5.7
War and Peace (2002 film),8.3
Maseeha,4.1
Mere Yaar Ki Shaadi Hai,5.3
Mitr My Friend,6.8
Na Tum Jaano Na Hum,5.0
Pitaah,6.4
Om Jai Jagadish,5.5
Nishad (2002 film),5.7
Pyaar Diwana Hota Hai,3.9
Pyaasa (2002 film),3.5
Shaheed-E-Azam,6.8
Road (film),5.6
Shakti: The Power,6.0
Shararat (2002 film),4.6
The Legend of Bhagat Singh,8.1
Tumko Na Bhool Paayenge,5.6
Tum Se Achcha Kaun Hai,4.6
Waah! Tera Kya Kehna,3.7
Yeh Dil Aashiqanaa,4.3
Yeh Kaisi Mohabbat,4.0
Yeh Mohabbat Hai,5.2
Sur – The Melody of Life,6.4
Rishtey (film),4.6
Yeh Hai Jalwa,4.8
Zindagi Khoobsoorat Hai,5.8
Kabhi Khushi Kabhie Gham...,7.4
Yeh Kya Ho Raha Hai?,4.8
Lagaan,8.1
Lagaan,8.1
Gadar: Ek Prem Katha,7.2
Indian (2001 film),5.3
Dil Chahta Hai,8.1
Chori Chori Chupke Chupke,5.4
Yaadein (2001 film),4.4
Lajja (2001 film),6.7
Aalavandhan,7.1
Aamdani Atthanni Kharcha Rupaiya,4.7
Aashiq (2001 film),3.8
Aks (2001 film),5.9
Ajnabee (2001 film),6.3
Censor (film),3.5
Aśoka (film),6.5
Albela (2001 film),3.7
Bas Itna Sa Khwaab Hai,3.8
Ek Rishtaa: The Bond of Love,5.0
Bhairav (film),5.0
Bengal Tiger (2001 film),5.8
Chhupa Rustam: A Musical Thriller,4.5
Daman (film),5.7
Chandni Bar,7.6
Deewaanapan,4.6
Dil Ne Phir Yaad Kiya (2001 film),4.1
Ehsaas: The Feeling,5.6
Farz (2001 film),4.3
Grahan,5.1
Dattak,7.5
Jodi No.1,5.8
Hum Ho Gaye Aapke,4.1
Kasam (2001 film),4.4
Kuch Khatti Kuch Meethi,4.6
Kasoor,6.0
Maya (2001 film),7.0
Ittefaq (2001 film),4.6
Mitti (2001 film),6.0
Mujhe Meri Biwi Se Bachaao,4.3
Mujhe Kucch Kehna Hai,5.1
Hadh: Life on the Edge of Death,4.5
Nayak (2001 Hindi film),7.8
One 2 Ka 4,5.4
Kyo Kii... Main Jhuth Nahin Bolta,5.3
Love Ke Liye Kuch Bhi Karega,6.0
Pyaar Ishq Aur Mohabbat,4.0
Pyaar Tune Kya Kiya,5.7
Paagalpan,6.6
Moksha (2001 film),6.3
Style (2001 film),6.7
Rehnaa Hai Terre Dil Mein,7.5
Officer (2001 film),5.3
Rahul (film),5.5
Pyaar Zindagi Hai,6.6
Yeh Raaste Hain Pyaar Ke,4.0
Tum Bin,7.5
Yeh Teraa Ghar Yeh Meraa Ghar,5.7
Zubeidaa,6.2
Tera Mera Saath Rahen,4.9
Yeh Zindagi Ka Safar,3.0
Sabse Bada Sukh,6.1
Daaka,7.4
Humsafar,9.0
