id,name,age,salary,department,experience,joining_date,rating
1,Tanya,56,79376,Finance,6,2024-04-19,2.2
2,Christine,46,75587,Sales,13,2018-11-26,2.2
3,Vicki,32,66976,Sales,8,2019-07-28,4.5
4,Monica,60,97584,Finance,18,2016-03-30,3.7
5,Erika,25,108477,Sales,13,2020-07-24,4.2
6,Daniel,38,72533,HR,37,2019-02-21,2.0
7,Lisa,56,31828,HR,35,2019-10-17,3.5
8,David,36,31917,Finance,39,2020-10-24,3.3
9,Drew,40,50618,Marketing,16,2025-01-20,4.3
10,Zachary,28,62254,IT,29,2019-09-13,4.6
11,Lisa,28,77362,Marketing,8,2025-11-15,1.0
12,Deborah,41,50128,Sales,32,2019-01-10,3.7
13,Leon,53,89383,IT,24,2019-08-30,1.2
14,Russell,57,95545,Finance,13,2017-05-26,3.2
15,Joy,41,112180,Finance,10,2020-01-10,2.2
16,Christopher,20,117958,IT,34,2025-10-07,2.2
17,Lori,39,39865,HR,40,2018-09-07,2.4
18,Jerry,19,32219,IT,13,2021-04-23,3.5
19,Joseph,41,69809,Sales,29,2017-02-23,2.3
20,Erica,61,35287,HR,40,2021-01-21,3.9
21,Wesley,47,64387,Finance,3,2018-12-22,2.6
22,Jorge,55,38512,IT,3,2023-01-06,1.3
23,Allison,19,31342,Marketing,27,2024-04-18,4.1
24,Nathan,38,93076,Marketing,7,2025-11-24,2.1
25,James,50,49216,Sales,1,2025-04-25,2.7
26,Ashley,29,109767,Marketing,40,2024-12-08,3.7
27,George,39,56614,IT,21,2021-03-10,2.3
28,Francisco,61,66258,IT,40,2023-11-20,1.2
29,Pamela,42,72078,Marketing,15,2026-02-09,2.5
30,Marcus,44,113524,IT,28,2020-01-25,4.8
31,Joy,59,42219,Sales,29,2021-04-09,3.6
32,Ashley,45,30235,HR,11,2024-12-26,3.7
33,Maria,33,72929,Sales,34,2023-07-05,3.5
34,Maria,32,97444,Sales,10,2018-09-03,1.8
35,Robin,64,38567,IT,20,2022-03-12,2.7
36,Krystal,61,100792,HR,20,2018-06-11,4.0
37,Kylie,20,95441,IT,4,2023-03-03,1.4
38,Kevin,54,114555,Finance,19,2018-08-13,2.1
39,Lydia,24,103698,IT,36,2017-12-08,2.1
40,Gary,38,35415,IT,2,2024-02-09,2.7
41,Justin,26,66159,IT,32,2017-11-16,4.9
42,Lauren,56,73925,HR,8,2020-06-13,1.3
43,Steven,35,35951,IT,8,2025-01-18,3.1
44,Tina,21,117388,HR,3,2018-11-27,1.7
45,Alicia,42,38007,Marketing,34,2025-05-20,4.9
46,Greg,31,71832,Finance,16,2020-07-21,1.5
47,Shawn,26,88596,HR,33,2020-04-22,2.6
48,Rebecca,43,60523,Marketing,23,2018-11-20,4.0
49,Darrell,19,118861,HR,31,2017-04-21,3.8
50,Brian,37,116740,HR,0,2017-06-05,2.7
51,Matthew,45,45524,Finance,7,2016-06-07,2.4
52,Olivia,64,49282,Sales,22,2020-11-18,2.6
53,Kathy,24,53930,Sales,39,2021-08-25,2.1
54,Joshua,61,30077,HR,11,2023-07-02,1.8
55,Bridget,25,50611,IT,11,2018-02-01,2.9
56,Jonathan,64,46984,Marketing,14,2024-12-28,2.1
57,Nichole,52,44060,IT,40,2020-08-21,2.1
58,Johnny,31,112985,IT,18,2019-03-18,3.6
59,Amanda,34,114056,HR,25,2018-03-10,4.9
60,Jennifer,53,73303,HR,28,2016-10-22,3.4
61,Katie,57,89207,HR,21,2025-06-22,1.3
62,Joseph,21,105046,HR,39,2021-06-04,1.3
63,Anthony,19,59287,Sales,20,2020-05-06,4.8
64,Kayla,23,69711,HR,37,2017-08-15,2.2
65,Rachel,59,41954,Sales,19,2025-08-19,1.4
66,Joseph,21,103340,Sales,28,2025-08-18,3.4
67,Tyler,46,102101,HR,3,2018-10-08,3.5
68,Katherine,35,101520,Finance,6,2018-09-13,3.6
69,Henry,43,117062,Marketing,27,2019-03-05,2.1
70,Tyler,61,48574,IT,27,2017-04-15,1.1
71,Jeffrey,51,39184,Sales,3,2020-03-30,4.9
72,Patrick,27,49096,Marketing,21,2020-12-01,2.0
73,Michael,53,97728,Finance,11,2020-01-23,3.7
74,Renee,31,64016,IT,2,2023-10-14,3.8
75,Kathryn,48,41246,IT,21,2024-05-22,3.4
76,Lisa,65,75558,Sales,1,2021-04-27,2.3
77,Heather,32,48381,HR,23,2019-10-12,2.1
78,William,25,66455,Finance,33,2021-05-13,3.4
79,Brittney,31,34018,Sales,26,2020-10-01,4.5
80,Shannon,40,41302,Finance,40,2020-02-04,4.8
81,Matthew,57,97506,HR,0,2025-02-21,1.4
82,Zachary,38,71157,HR,7,2016-09-21,1.6
83,Katie,33,84917,Sales,22,2020-11-13,4.8
84,George,62,113122,HR,37,2021-02-03,3.9
85,April,35,54519,Marketing,5,2021-10-26,4.5
86,John,64,117487,IT,21,2020-04-27,1.8
87,Nicole,41,86819,Sales,24,2016-04-01,3.4
88,Alan,43,110910,Finance,17,2020-01-12,3.8
89,Jillian,42,101324,Marketing,16,2019-02-27,3.7
90,Gabriel,62,35408,Sales,11,2019-01-29,2.6
91,Victoria,58,89379,HR,5,2018-01-30,1.1
92,Ethan,46,55053,HR,25,2024-12-28,3.3
93,Nathan,32,39446,HR,26,2020-02-07,2.0
94,Brent,62,30922,HR,7,2024-08-22,2.8
95,Herbert,18,81356,Finance,18,2023-08-31,4.8
96,Sara,42,40789,Marketing,0,2021-05-26,2.6
97,Willie,24,96656,IT,28,2020-07-25,4.4
98,Troy,26,74028,Finance,34,2018-09-19,1.8
99,Philip,41,94484,Finance,39,2018-10-29,3.7
100,James,18,62154,IT,13,2022-12-01,4.9
101,Margaret,61,112870,IT,34,2020-10-06,1.4
102,Kerry,25,32336,HR,19,2017-07-15,1.0
103,Kathleen,41,97779,Finance,12,2017-12-07,2.7
104,Ryan,28,49029,Sales,37,2020-11-11,1.4
105,Michael,34,89201,IT,7,2016-09-22,4.0
106,Lisa,25,62265,IT,19,2016-11-14,4.7
107,Joshua,52,73872,Marketing,32,2024-08-12,2.7
108,Alexander,52,76197,Sales,25,2016-07-19,2.0
109,Daniel,50,85180,Sales,38,2025-02-25,2.7
110,Judy,22,53710,IT,20,2024-10-24,3.9
111,Michael,59,59486,HR,40,2023-09-07,1.0
112,Kathleen,56,101907,Marketing,8,2025-10-06,3.4
113,Amanda,58,101895,Sales,23,2020-02-12,3.5
114,Jennifer,45,94435,IT,36,2017-02-16,3.6
115,Julie,24,70631,Sales,40,2025-10-25,2.0
116,Angela,26,50103,Marketing,16,2019-01-07,3.9
117,Crystal,25,94772,Marketing,23,2017-05-05,1.4
118,Diana,29,44382,Finance,20,2023-05-15,1.8
119,Jennifer,51,114291,IT,38,2020-03-18,4.5
120,Tommy,50,33756,Marketing,40,2017-08-20,4.0
121,Pamela,65,50609,Finance,38,2019-07-19,1.1
122,Andrew,40,46478,Finance,12,2023-09-30,2.0
123,Billy,41,69666,Sales,10,2020-03-12,1.9
124,David,54,105683,Sales,18,2021-05-15,2.1
125,Erin,52,101315,Finance,10,2018-06-20,2.0
126,Lawrence,61,107834,Sales,12,2021-11-28,1.3
127,Danielle,57,44153,Marketing,0,2016-04-10,2.8
128,Jonathan,39,106325,HR,39,2019-07-14,3.9
129,Melissa,44,42999,Marketing,18,2023-12-04,3.4
130,Scott,52,85318,Finance,11,2025-09-25,3.7
131,Patricia,18,30814,Finance,7,2022-01-18,1.3
132,Mark,52,106077,Marketing,7,2022-01-01,4.8
133,Stephanie,54,32443,Sales,11,2017-03-05,4.4
134,Tim,64,105993,Sales,32,2017-11-15,4.2
135,Nicholas,31,105916,Finance,25,2017-12-02,4.3
136,Tammy,20,103319,IT,38,2019-12-26,4.7
137,David,18,47368,Sales,27,2024-03-31,3.2
138,Margaret,22,45328,Marketing,4,2017-07-04,1.8
139,Chelsea,43,86942,Sales,7,2025-08-07,3.5
140,Sarah,31,57306,Marketing,24,2024-12-31,4.0
141,Nathaniel,56,115451,Finance,26,2016-09-28,4.0
142,Michael,44,69915,Sales,22,2022-06-05,3.1
143,Earl,26,67219,Marketing,29,2018-01-02,1.3
144,Sarah,32,110879,Finance,22,2021-12-27,2.5
145,Lindsey,32,94644,IT,19,2021-04-01,4.7
146,Timothy,43,90279,Marketing,17,2020-08-30,3.3
147,Richard,59,83028,IT,17,2018-08-13,3.2
148,Richard,30,30126,IT,1,2022-09-14,2.1
149,Brandon,49,82329,HR,3,2020-10-17,2.5
150,Bobby,56,57632,Sales,29,2018-05-14,4.6
151,Darlene,49,95310,Marketing,32,2018-05-19,3.7
152,Michael,21,85176,IT,35,2024-07-02,4.1
153,Danielle,47,116066,HR,17,2022-11-12,2.8
154,Philip,54,74327,Finance,36,2017-07-23,3.5
155,Travis,40,98904,Marketing,18,2020-02-25,2.0
156,Patricia,56,33797,IT,27,2024-07-08,3.8
157,Kelly,62,77882,Sales,39,2022-01-23,2.7
158,William,32,43718,HR,19,2021-07-31,2.8
159,Peter,60,64560,IT,32,2021-01-15,3.6
160,John,46,106589,Sales,11,2019-10-19,4.7
161,Valerie,53,52116,IT,14,2023-05-14,1.3
162,Jessica,30,66244,Marketing,40,2022-05-24,4.3
163,Danielle,49,31645,Marketing,38,2017-02-07,2.2
164,Ricky,24,77523,Marketing,1,2023-06-14,2.8
165,Joseph,39,49256,HR,28,2023-02-22,1.1
166,Nathan,45,83173,Marketing,40,2017-09-02,2.2
167,Angela,19,67430,Sales,9,2022-05-10,3.0
168,Jeffrey,59,69282,IT,1,2019-05-05,1.2
169,Rebecca,62,93374,Finance,10,2021-12-04,3.0
170,Mitchell,23,98244,Sales,12,2017-08-09,4.7
171,Gary,45,41694,Sales,9,2018-02-04,1.4
172,James,45,86264,Marketing,13,2016-09-13,4.1
173,David,61,105060,HR,17,2016-10-24,2.6
174,Robin,61,87545,IT,8,2016-05-03,3.6
175,Desiree,37,69224,HR,38,2024-02-22,2.0
176,Michael,47,43224,IT,27,2016-06-24,1.6
177,Courtney,28,70738,IT,2,2023-06-11,1.6
178,Katrina,45,55150,HR,19,2022-08-20,1.3
179,Crystal,42,93731,Sales,5,2021-02-28,1.7
180,Michael,56,79688,IT,26,2019-05-09,3.7
181,Amy,50,103509,HR,1,2016-08-10,4.5
182,Michael,18,38577,IT,28,2017-08-26,4.3
183,Paul,44,38070,Finance,37,2017-05-26,3.7
184,Marvin,30,38666,Sales,2,2020-09-10,1.4
185,Jason,58,87761,Marketing,15,2018-03-12,2.2
186,Jesus,20,66368,IT,29,2020-05-30,2.2
187,Rodney,56,36783,Finance,39,2020-10-28,2.0
188,Anna,23,71914,Marketing,1,2022-02-17,3.1
189,Melissa,25,100507,Marketing,16,2025-02-05,3.1
190,Susan,44,109026,IT,40,2017-08-05,2.4
191,Barbara,26,97526,HR,11,2024-03-08,2.4
192,Dominic,54,100835,IT,34,2025-05-07,4.3
193,Matthew,50,75765,Finance,0,2018-12-09,4.2
194,Joseph,59,49956,Marketing,14,2024-07-29,2.2
195,Leah,61,117895,IT,25,2025-09-17,4.7
196,Tammy,41,76240,HR,36,2019-01-30,4.8
197,Kevin,32,67148,IT,20,2016-03-30,2.3
198,Jason,49,34757,Sales,30,2025-11-27,2.4
199,Melissa,49,49097,HR,24,2017-11-17,3.0
200,Mary,41,40395,Finance,22,2018-09-16,4.8
201,Julian,58,46241,Marketing,23,2024-06-03,4.5
202,Emily,29,57696,IT,37,2017-10-03,1.4
203,Sharon,56,100480,HR,27,2017-11-11,2.6
204,Kristen,19,76163,Sales,20,2024-01-23,3.2
205,Charles,20,49816,HR,17,2017-05-14,3.0
206,Sandra,54,79840,Sales,35,2017-01-25,1.8
207,Christopher,34,82853,Finance,34,2022-12-13,4.4
208,Stephanie,19,54917,Marketing,8,2017-02-28,3.7
209,Glen,19,51566,Finance,37,2021-12-30,4.4
210,Curtis,45,105452,IT,29,2022-01-14,4.4
211,Devin,40,92823,HR,33,2016-06-24,4.0
212,Betty,54,50806,Sales,31,2023-03-14,2.8
213,Brandon,49,105520,Sales,2,2025-05-14,3.4
214,William,50,31759,HR,2,2016-04-10,1.6
215,Emily,18,71949,HR,27,2016-06-26,3.7
216,Susan,36,32482,IT,14,2020-03-11,1.7
217,Jeffrey,19,54442,Finance,40,2017-03-01,3.8
218,Paul,61,63719,Sales,22,2024-12-17,1.9
219,Michael,43,88066,IT,39,2020-05-08,1.5
220,Donna,49,32079,Finance,10,2018-03-12,1.7
221,Craig,23,32717,IT,31,2023-06-03,1.0
222,Toni,49,89676,Sales,35,2025-05-23,3.9
223,Brett,21,57952,HR,32,2023-04-24,3.9
224,Denise,28,116444,HR,23,2023-06-14,3.1
225,Christina,34,72460,Finance,38,2017-11-16,1.6
226,Brandon,55,102847,Marketing,33,2026-02-05,1.3
227,Nathan,41,119106,Finance,27,2022-01-28,1.1
228,John,22,48449,Marketing,36,2016-12-25,1.7
229,Virginia,51,63536,IT,6,2018-05-11,4.6
230,Gerald,23,94077,IT,3,2019-03-22,2.0
231,Katherine,39,68258,Sales,36,2018-04-04,2.4
232,Dakota,28,78302,Marketing,0,2020-07-05,1.4
233,Christopher,65,58865,Sales,0,2025-03-20,1.9
234,Robert,33,36645,HR,19,2021-12-19,3.1
235,Ryan,50,68000,Marketing,18,2021-04-09,3.4
236,Shaun,26,56737,Finance,28,2016-10-01,2.0
237,David,23,41485,HR,9,2025-08-02,1.2
238,Christine,33,68565,HR,17,2018-09-30,2.6
239,James,46,55522,Finance,27,2017-03-18,1.9
240,Daniel,20,95155,HR,34,2025-04-12,1.9
241,Margaret,37,85168,Marketing,30,2018-08-16,4.8
242,Michael,53,82487,Sales,26,2024-02-11,3.5
243,Mark,36,42342,HR,10,2019-02-08,3.2
244,Lori,43,70806,Marketing,37,2022-03-18,2.7
245,Andrea,20,78770,IT,4,2024-10-21,2.7
246,Tamara,36,108623,Marketing,7,2021-03-14,3.2
247,Mary,37,105629,Sales,33,2017-05-05,3.8
248,Eric,49,82603,Marketing,11,2018-10-04,3.8
249,Brittany,24,111974,Finance,37,2018-05-26,1.7
250,John,58,56399,Sales,0,2020-05-27,3.0
251,Joseph,50,115382,IT,30,2025-11-12,2.6
252,Amber,57,111244,Finance,3,2021-12-27,4.5
253,Joseph,56,106534,Marketing,4,2020-02-03,3.5
254,William,35,85106,Sales,29,2016-06-22,3.1
255,Kimberly,57,60678,IT,23,2023-06-21,1.5
256,Stephanie,18,106218,Finance,2,2024-10-18,3.4
257,Richard,28,93230,IT,10,2025-03-09,1.5
258,David,45,104055,Marketing,3,2017-12-24,2.3
259,Rachel,42,86373,IT,25,2016-04-11,1.6
260,Linda,40,61480,HR,26,2022-09-05,3.8
261,Michael,48,115230,Finance,26,2018-08-21,1.8
262,Kiara,47,98836,IT,5,2025-07-17,2.6
263,Michelle,59,102258,Marketing,14,2024-12-15,4.6
264,Christopher,52,69986,Marketing,29,2018-11-15,1.8
265,Alexandra,24,54160,IT,36,2023-03-14,3.0
266,Daniel,33,115595,Marketing,36,2017-01-01,2.7
267,Paul,43,109111,Sales,36,2016-09-23,1.1
268,Ryan,65,94929,Sales,34,2017-03-20,4.2
269,Joy,19,103506,Sales,22,2018-01-17,1.3
270,Brandy,18,64911,HR,5,2016-03-15,2.9
271,Adam,65,117127,IT,3,2021-05-30,3.2
272,Bethany,29,61821,HR,17,2017-02-01,3.5
273,Christopher,22,105039,Marketing,8,2018-11-16,3.8
274,Brian,54,90535,HR,28,2022-12-11,2.0
275,Brittany,49,114458,Marketing,12,2024-06-03,1.0
276,Chad,26,42175,Marketing,16,2016-08-07,3.9
277,Dylan,58,84771,Finance,31,2018-12-26,3.1
278,David,52,116925,Sales,21,2018-09-18,4.3
279,Robert,36,96358,Marketing,3,2017-01-27,4.3
280,Alexander,65,47327,Finance,4,2017-05-30,4.4
281,Denise,33,77057,Sales,36,2021-05-17,2.9
282,Kevin,20,36150,Marketing,40,2017-08-26,2.3
283,Samantha,37,34425,Marketing,12,2018-02-11,4.2
284,Emma,41,46032,HR,33,2024-10-01,2.8
285,Maria,50,32198,HR,21,2016-09-28,1.7
286,Ryan,41,90500,Sales,22,2024-12-26,4.4
287,Michael,28,83394,Marketing,2,2019-04-03,4.5
288,Nicholas,25,50079,IT,33,2020-09-04,2.9
289,Douglas,53,66220,HR,31,2024-06-15,1.3
290,Tracy,55,71874,Sales,20,2024-09-21,2.6
291,Carmen,57,43859,Marketing,20,2016-09-22,4.2
292,Raymond,37,80460,Marketing,10,2017-09-23,4.6
293,Leslie,52,61419,IT,38,2024-02-13,1.8
294,Valerie,65,38705,Sales,3,2024-03-28,1.3
295,Amanda,42,72880,Marketing,0,2023-06-04,4.5
296,Robin,52,53236,HR,27,2026-01-14,2.6
297,Nicholas,42,117955,IT,23,2025-07-06,3.2
298,Joshua,46,115514,Sales,34,2019-05-10,4.9
299,Thomas,35,45358,IT,12,2025-06-17,1.3
300,Steven,63,106918,HR,33,2023-02-25,3.6
301,Tom,35,44596,Sales,10,2018-08-16,1.3
302,Nicholas,19,63572,IT,35,2019-03-05,2.5
303,Christopher,52,108757,Finance,16,2021-07-20,4.2
304,Michael,33,31279,HR,34,2025-10-24,2.7
305,Adrian,58,93197,HR,17,2023-04-02,5.0
306,David,53,92516,HR,39,2021-08-19,3.2
307,Nicole,50,37083,Finance,21,2019-07-03,2.3
308,Michael,21,47771,Finance,23,2023-05-25,1.9
309,Michael,50,59975,Marketing,18,2016-08-31,2.4
310,Melinda,31,75648,IT,36,2020-09-08,2.5
311,Robert,38,78285,Marketing,38,2023-04-29,1.3
312,John,65,49063,IT,20,2018-01-30,2.5
313,Mark,37,97642,Finance,7,2017-08-24,2.9
314,Jessica,25,116143,Finance,27,2023-10-08,3.9
315,April,24,67599,Marketing,4,2020-04-02,3.6
316,Gary,20,81920,Sales,16,2017-11-11,3.8
317,Garrett,34,58529,Marketing,36,2021-04-17,1.0
318,Jamie,50,65954,IT,35,2019-01-26,1.9
319,Wanda,65,57856,Marketing,18,2022-10-18,3.6
320,Travis,29,32573,HR,26,2016-12-13,2.9
321,Stacey,39,108344,IT,33,2018-03-18,1.0
322,Mallory,39,65367,IT,10,2025-09-18,4.2
323,Anna,63,90774,Sales,11,2019-07-10,4.1
324,Jeffrey,47,53752,Finance,20,2017-01-05,3.2
325,Emily,55,85029,IT,10,2021-09-03,1.3
326,David,55,47685,Finance,38,2017-05-31,4.1
327,Marissa,62,81693,Marketing,27,2019-09-12,3.3
328,Benjamin,25,85961,HR,4,2021-01-14,4.1
329,Rhonda,44,106908,Sales,16,2025-05-30,4.0
330,Luke,44,104532,Finance,19,2018-04-18,4.2
331,Karen,51,111994,IT,40,2020-03-26,3.1
332,Teresa,38,86133,Finance,11,2021-01-26,1.6
333,Caleb,47,91268,IT,5,2020-02-05,3.7
334,Zachary,50,68243,Finance,16,2022-02-22,3.5
335,Joanna,45,87384,IT,18,2020-08-24,4.0
336,Eric,64,61653,Marketing,25,2025-05-09,1.7
337,Jennifer,50,56657,IT,31,2022-04-25,1.8
338,Justin,22,69952,IT,5,2022-01-29,4.6
339,Beth,65,52180,HR,35,2025-10-20,4.0
340,Jack,36,108411,IT,37,2024-05-28,4.6
341,Morgan,21,31622,HR,10,2026-03-03,4.0
342,Brandon,52,78756,Sales,32,2024-07-01,3.4
343,Erica,34,70809,HR,23,2025-03-20,3.6
344,Christina,61,46725,Marketing,22,2018-05-11,4.6
345,Mary,45,91396,HR,14,2016-08-01,3.3
346,Regina,47,81226,Sales,26,2016-10-10,3.5
347,Jennifer,46,111182,Marketing,10,2017-11-19,1.6
348,Chris,63,112565,Finance,16,2023-09-28,2.9
349,Cathy,23,59402,Finance,13,2025-04-16,3.9
350,Matthew,52,34263,HR,26,2017-05-15,2.1
351,Sean,58,76828,HR,17,2025-06-14,1.8
352,John,54,77924,Sales,27,2024-10-04,2.3
353,Angela,41,104182,Sales,3,2021-06-20,2.0
354,Jeremiah,46,89052,IT,6,2018-12-15,1.9
355,Laura,63,41664,Sales,34,2023-12-27,2.7
356,Carla,48,65737,IT,8,2016-10-19,4.6
357,Kelly,52,119563,Marketing,7,2021-08-15,3.0
358,Sarah,50,59373,HR,16,2020-03-21,1.8
359,Mathew,38,66397,Marketing,16,2025-01-02,1.3
360,Angela,49,116145,Sales,32,2021-01-23,3.8
361,Robert,40,68709,Marketing,31,2025-11-29,2.5
362,Jasmine,50,91120,Marketing,7,2022-05-11,4.3
363,Kelli,20,49250,Marketing,18,2020-06-05,3.6
364,Wesley,35,51172,Sales,37,2017-11-21,4.2
365,Kevin,42,41555,Marketing,2,2018-08-16,2.1
366,Robert,59,117410,IT,4,2023-09-24,3.8
367,Carol,48,108617,Sales,12,2020-11-15,2.1
368,Elizabeth,20,83276,Marketing,30,2020-11-15,4.8
369,Ronald,57,87492,Sales,15,2018-01-05,3.5
370,Steven,63,83002,Finance,31,2019-12-28,2.3
371,Ryan,41,119599,IT,21,2020-08-28,2.1
372,Christopher,49,102355,Marketing,28,2025-11-18,1.8
373,Diana,64,54762,Finance,21,2024-08-29,3.8
374,Stephanie,39,41046,Finance,2,2022-07-03,1.9
375,Oscar,40,58769,Sales,9,2017-09-12,3.4
376,Maria,19,83302,Finance,20,2019-08-03,2.1
377,Stephen,44,53150,IT,15,2018-09-09,3.6
378,David,59,98247,IT,11,2018-03-18,4.3
379,Dominique,19,34853,HR,1,2016-05-16,4.1
380,Veronica,43,119399,IT,40,2018-12-07,4.0
381,Eileen,34,51792,Finance,23,2021-07-12,1.8
382,Patricia,57,89129,IT,34,2020-04-07,1.4
383,Richard,50,104478,Sales,29,2018-01-10,3.8
384,Matthew,26,97298,HR,29,2017-10-18,2.5
385,Jessica,60,61987,Finance,34,2018-10-02,2.7
386,Juan,65,45850,HR,18,2020-08-05,1.1
387,Angel,56,42112,Finance,7,2021-05-17,2.0
388,Janice,46,54058,Sales,25,2022-04-12,1.1
389,William,59,75420,HR,39,2023-09-13,4.5
390,Ellen,43,68890,Marketing,6,2016-08-03,2.0
391,Andrew,52,96017,Finance,29,2021-02-11,3.2
392,Charles,42,77304,Marketing,6,2024-07-15,1.2
393,Scott,41,62921,HR,2,2017-05-06,3.7
394,Travis,30,31524,Marketing,0,2024-12-31,2.3
395,Kelly,24,45048,Marketing,35,2018-07-12,4.6
396,Teresa,53,65111,HR,24,2017-06-06,4.6
397,Stephanie,62,67904,Sales,36,2020-10-03,2.3
398,Brandon,37,84912,Marketing,0,2023-09-16,4.6
399,Paula,18,64008,Marketing,14,2018-05-26,5.0
400,David,25,30060,Sales,36,2021-01-09,4.3
401,Joel,63,104666,Marketing,12,2021-03-21,4.4
402,Timothy,33,113559,Marketing,39,2024-03-31,2.0
403,Michelle,31,85337,Marketing,7,2016-10-05,3.3
404,Stephanie,29,43350,IT,4,2026-01-31,1.3
405,Michael,40,54354,Sales,8,2018-04-28,1.4
406,Ronald,32,75186,Marketing,0,2017-11-12,5.0
407,Clarence,45,58145,Sales,35,2023-01-28,2.3
408,Joseph,51,64020,Finance,34,2021-11-19,4.0
409,Alyssa,19,116123,Finance,1,2020-02-21,4.2
410,Courtney,49,105186,Marketing,39,2023-09-19,4.4
411,Hannah,40,115469,Sales,22,2024-12-06,5.0
412,Stephanie,39,50581,Sales,8,2018-04-29,2.0
413,Levi,42,118929,Sales,33,2020-06-08,1.2
414,Kimberly,39,53051,IT,13,2023-09-08,2.6
415,Sara,39,81474,Finance,3,2017-02-10,1.5
416,Ryan,59,99626,Sales,29,2025-04-21,1.1
417,Marvin,23,36960,Sales,30,2020-06-23,2.4
418,Brittany,32,65772,IT,37,2019-05-10,4.1
419,Kim,60,51520,IT,10,2021-01-21,3.3
420,Daniel,54,79481,Sales,34,2017-03-03,2.3
421,Natalie,50,66408,HR,7,2016-11-03,3.6
422,Jeffery,25,87134,Sales,2,2021-08-24,1.9
423,Tina,61,50491,Sales,13,2023-01-30,1.1
424,Anthony,61,31341,IT,12,2024-05-28,4.1
425,Wendy,22,74623,IT,31,2023-11-14,3.5
426,Joshua,56,30338,Sales,33,2023-05-24,4.0
427,Joel,21,101431,Sales,18,2018-08-27,1.2
428,Kyle,23,42254,Sales,37,2023-08-21,4.3
429,Martin,62,81860,IT,15,2025-05-03,3.5
430,Andrew,49,41344,Sales,1,2019-07-09,3.3
431,Jerry,47,31750,Sales,39,2024-10-02,3.5
432,Kathleen,64,84756,Marketing,16,2018-08-10,4.5
433,Taylor,52,97957,HR,33,2021-11-24,3.3
434,Gloria,57,88053,Finance,15,2020-06-24,3.3
435,Kelly,33,100855,HR,37,2024-06-22,5.0
436,Maria,30,45896,Marketing,1,2018-11-04,4.0
437,Virginia,59,85761,Finance,1,2022-03-06,2.8
438,Sheila,47,92552,Sales,25,2021-08-22,3.8
439,Mary,36,107454,Marketing,12,2021-04-22,2.6
440,Gregory,34,57935,Sales,30,2021-10-14,1.9
441,John,36,67641,IT,33,2018-01-05,3.4
442,Anthony,45,59711,Marketing,38,2021-08-27,4.7
443,Juan,43,100342,IT,2,2024-03-04,4.7
444,Madison,54,42182,Marketing,7,2024-11-20,2.4
445,Thomas,43,117833,Marketing,22,2016-06-02,3.1
446,Jonathan,40,86276,IT,13,2024-03-18,1.8
447,Kathleen,26,49541,Finance,26,2024-06-20,5.0
448,Andre,29,112310,HR,28,2020-03-02,4.9
449,Kristin,18,74813,Sales,38,2023-03-14,3.6
450,Steven,18,67198,Marketing,38,2017-02-04,4.2
451,Aaron,64,38820,Sales,0,2018-07-19,3.9
452,Alyssa,51,54070,IT,16,2020-01-21,3.4
453,Jose,49,99768,Sales,40,2024-06-29,1.2
454,Charles,65,41122,IT,29,2017-07-15,2.8
455,Michael,42,110559,Sales,12,2018-06-16,3.7
456,Brandon,57,103543,HR,20,2022-06-14,3.7
457,Emily,62,113441,HR,18,2019-08-28,2.5
458,Christopher,18,71786,HR,18,2018-09-13,4.8
459,Damon,33,36737,HR,24,2019-07-15,1.7
460,Michael,56,66062,HR,21,2020-01-31,3.0
461,Jennifer,22,84237,HR,30,2016-09-09,3.8
462,Stacey,39,81571,IT,16,2025-11-08,3.8
463,Cynthia,46,55510,Marketing,22,2019-02-24,3.6
464,Jeremiah,20,49426,Sales,31,2020-04-17,2.1
465,Allen,29,67265,HR,9,2017-07-12,1.6
466,Anthony,43,47850,IT,9,2016-07-26,3.5
467,Jason,33,96150,IT,35,2022-04-30,3.4
468,Brandon,54,117312,IT,7,2018-12-30,1.7
469,Danielle,39,119613,Marketing,19,2022-09-05,3.8
470,Trevor,46,104910,Sales,31,2019-08-20,2.8
471,Craig,31,82375,Marketing,13,2020-06-29,3.7
472,Cheryl,45,65435,Finance,27,2019-06-13,4.3
473,Courtney,22,87132,IT,23,2024-04-12,1.7
474,Javier,64,108945,Finance,14,2024-04-29,1.1
475,Jason,47,112050,HR,21,2018-01-07,4.1
476,Rachel,63,32983,HR,29,2026-02-15,3.4
477,Kendra,22,50662,Marketing,3,2023-08-17,3.8
478,Kenneth,29,53510,Sales,12,2017-09-14,4.4
479,Regina,33,108187,Finance,22,2024-06-11,4.2
480,Stacy,43,70998,Sales,7,2017-02-27,4.8
481,Christian,43,86846,Marketing,17,2018-06-03,3.1
482,Michelle,65,36640,HR,11,2025-10-29,3.0
483,Christopher,38,74547,Sales,30,2019-05-17,2.6
484,Sean,56,84620,Sales,13,2019-01-25,1.6
485,Patricia,53,45317,HR,33,2022-01-25,3.3
486,Timothy,50,37564,Finance,17,2017-08-01,2.1
487,Sherri,47,57345,HR,33,2023-02-09,4.7
488,Vincent,54,109273,Sales,10,2016-03-23,3.3
489,Patricia,40,104859,Finance,40,2018-11-24,3.4
490,Brittany,27,110765,Finance,11,2018-03-27,2.4
491,Angelica,22,104038,HR,14,2025-03-13,1.2
492,David,53,82393,Sales,30,2022-01-02,1.1
493,Mariah,51,96081,Marketing,28,2020-03-06,2.7
494,Michael,48,59430,Sales,25,2025-11-05,1.3
495,Christopher,27,105532,IT,17,2022-07-23,3.4
496,Stephen,36,57788,Marketing,31,2023-06-25,4.5
497,Rebecca,49,78543,Finance,21,2022-06-15,4.5
498,Leah,18,43919,Marketing,37,2020-06-19,3.6
499,Ronald,22,99346,Finance,16,2019-05-31,1.8
500,Kyle,62,69974,Finance,22,2021-05-25,4.5
501,Sheila,21,46371,Marketing,23,2025-08-27,4.5
502,Felicia,33,75084,Finance,7,2020-12-26,1.8
503,Heather,41,59629,Finance,40,2016-04-09,3.9
504,Desiree,33,81184,IT,5,2021-03-07,2.1
505,Sean,19,91916,Sales,4,2023-12-24,4.2
506,Matthew,45,103972,Sales,28,2020-01-07,5.0
507,Sandra,49,92187,IT,27,2024-02-23,1.1
508,Fernando,44,42984,Marketing,10,2016-07-08,4.6
509,Daniel,37,63039,HR,0,2016-09-17,3.5
510,Angela,41,115431,HR,18,2019-02-02,4.9
511,Daniel,29,113691,HR,8,2023-02-28,2.9
512,Christine,52,88606,IT,26,2024-04-30,4.4
513,Andrew,50,40616,IT,33,2017-07-24,1.2
514,David,50,80072,Finance,3,2024-06-22,2.3
515,Megan,60,54574,HR,35,2025-10-20,1.3
516,Jessica,54,33430,Marketing,17,2024-02-29,4.9
517,Jamie,29,42676,Marketing,14,2016-05-09,4.3
518,Scott,20,40816,HR,12,2024-07-30,4.4
519,Raymond,18,62733,HR,18,2016-11-25,4.8
520,Joseph,50,115680,HR,5,2022-04-19,1.3
521,Dana,57,32050,IT,11,2018-11-10,2.5
522,Shelby,27,63933,IT,36,2025-10-29,1.3
523,James,60,54951,IT,16,2022-05-05,1.8
524,Mary,61,62413,Sales,22,2018-06-07,1.9
525,Jeffrey,46,64801,Marketing,25,2019-11-27,2.9
526,Caleb,30,85619,Marketing,28,2017-06-11,2.1
527,Daniel,29,62913,Finance,32,2023-09-16,1.4
528,David,48,70600,IT,26,2017-03-27,1.7
529,Francisco,63,87775,Sales,24,2026-02-02,1.6
530,Steven,19,65400,Sales,9,2020-07-22,4.9
531,Christopher,52,34494,Marketing,22,2019-04-08,4.0
532,Evan,40,110688,IT,20,2025-06-19,4.9
533,Anthony,34,119431,Finance,20,2019-02-09,2.8
534,Garrett,43,104691,IT,12,2024-03-21,2.1
535,Justin,25,73001,HR,36,2016-08-08,4.2
536,Adrian,46,97364,IT,32,2016-10-20,2.3
537,Karen,43,75028,HR,23,2024-11-05,2.2
538,Charles,27,67573,HR,10,2017-02-17,1.9
539,Laura,43,30806,Finance,16,2024-12-20,1.5
540,Samantha,51,86638,Marketing,3,2018-09-06,2.0
541,Emily,58,59757,IT,24,2026-02-24,2.4
542,Cody,24,64636,HR,29,2024-08-19,3.7
543,Michele,21,110097,IT,8,2020-11-13,1.3
544,Jo,62,78280,Marketing,20,2022-07-19,1.8
545,Edward,28,54262,Marketing,19,2023-11-29,4.2
546,Sean,46,110435,Sales,18,2018-11-13,1.6
547,Jason,53,92211,Marketing,18,2024-09-08,2.4
548,Mary,42,84842,Finance,11,2018-05-23,4.5
549,Mitchell,38,86979,HR,36,2016-12-24,1.6
550,Matthew,53,111470,Sales,16,2023-05-23,1.3
551,Lisa,27,68197,Finance,36,2025-06-12,2.9
552,Debbie,54,71844,IT,38,2018-08-02,2.2
553,John,26,94754,HR,27,2016-10-01,3.3
554,Brian,41,64157,Marketing,40,2019-04-12,4.2
555,Kimberly,52,107129,HR,34,2024-03-07,1.5
556,Dustin,52,70042,IT,17,2023-09-26,3.3
557,Amy,65,91665,Sales,13,2018-06-22,3.0
558,Paige,53,112856,Sales,34,2023-01-19,1.6
559,Jennifer,35,57376,Sales,40,2021-06-25,3.5
560,Karen,56,85554,Marketing,6,2022-03-06,2.1
561,Steven,49,44199,Finance,40,2023-09-27,3.0
562,Tamara,41,111412,Finance,12,2016-04-09,1.3
563,Nicole,40,80948,HR,17,2016-10-15,2.8
564,Linda,49,103781,Marketing,36,2019-07-21,2.2
565,Joseph,54,102750,Sales,12,2021-11-12,4.3
566,Christopher,29,96262,Sales,35,2025-08-11,1.2
567,Erin,30,76600,IT,30,2025-11-19,2.7
568,Mary,40,106898,IT,1,2023-12-24,2.8
569,Amber,42,92483,Sales,15,2021-10-15,3.9
570,Melissa,52,48297,Sales,8,2021-02-07,3.3
571,Michael,58,60448,Marketing,8,2020-10-14,3.7
572,Melissa,47,56172,Finance,37,2022-02-23,4.1
573,Tasha,34,72874,IT,10,2017-05-02,4.4
574,Dylan,37,37657,Finance,21,2025-08-16,2.3
575,Ann,65,114386,Marketing,32,2023-08-17,3.2
576,Charles,42,55425,Sales,35,2021-05-01,4.4
577,Nancy,39,56685,Finance,22,2021-08-23,5.0
578,Marcus,30,54578,Sales,33,2022-09-29,4.6
579,Anthony,36,58831,Sales,8,2025-02-26,2.5
580,Peter,53,37906,HR,23,2018-04-01,1.8
581,Robert,29,91413,Finance,7,2019-09-13,3.0
582,Leslie,58,84028,Finance,6,2020-07-28,4.0
583,Jacqueline,36,37287,Sales,35,2021-07-21,3.0
584,Nicole,29,63660,Marketing,17,2018-09-30,2.9
585,John,26,105758,HR,2,2022-12-19,4.4
586,Samantha,24,90504,Sales,27,2020-03-03,2.4
587,Joseph,45,89720,IT,5,2025-09-20,4.4
588,Hannah,31,64701,IT,20,2017-08-18,2.6
589,Aaron,48,113300,HR,27,2022-08-08,2.3
590,Henry,36,47674,Marketing,39,2025-05-19,2.8
591,Chelsea,64,113560,Sales,0,2020-11-15,4.0
592,Sharon,33,53874,Finance,35,2020-06-18,1.5
593,Debra,22,73642,HR,20,2023-01-25,1.8
594,Christina,52,95160,Marketing,34,2023-06-26,4.8
595,Kevin,29,47602,Finance,12,2025-03-05,1.7
596,Teresa,42,118801,IT,9,2024-12-09,3.3
597,David,38,55931,IT,9,2021-12-06,3.3
598,Martha,53,59192,Finance,12,2021-05-02,3.0
599,Shelia,40,76542,HR,36,2020-07-29,3.6
600,Cristian,33,72520,IT,37,2022-10-07,1.9
601,Tammy,56,94772,Sales,23,2020-09-25,3.2
602,Stacey,62,88762,Finance,1,2021-04-05,2.5
603,Thomas,59,80106,Finance,21,2018-12-03,3.6
604,Matthew,56,111121,IT,16,2023-05-26,1.6
605,Shannon,31,55559,HR,35,2016-09-09,3.3
606,Mark,48,63742,Sales,13,2022-10-27,1.7
607,Shannon,22,99669,HR,9,2020-04-10,2.1
608,Tracey,52,110199,Marketing,34,2025-03-18,1.9
609,James,40,51754,Marketing,24,2019-04-18,1.7
610,Sabrina,46,33972,IT,2,2018-12-09,4.3
611,Nichole,60,100831,IT,37,2016-12-30,2.1
612,Christina,28,71873,IT,16,2020-02-29,4.7
613,Emily,35,39903,Marketing,11,2018-11-23,4.9
614,Ashley,64,33020,HR,23,2019-08-02,3.3
615,Gloria,29,71755,HR,28,2025-11-15,1.6
616,Jorge,26,115956,IT,24,2023-08-17,2.5
617,Jason,27,116988,Sales,35,2019-01-17,4.2
618,Jason,61,75648,HR,25,2025-03-28,2.5
619,Shawn,34,39516,Marketing,37,2022-07-12,1.3
620,Lisa,55,32396,Finance,0,2026-02-18,3.2
621,Lisa,24,114082,Finance,19,2020-06-19,4.4
622,Daniel,63,49129,Finance,27,2018-10-19,4.2
623,Michael,30,31591,Sales,15,2023-12-01,1.7
624,Ronald,57,41303,IT,16,2024-03-01,3.7
625,Rebekah,59,60561,Marketing,39,2020-03-01,1.9
626,Danielle,26,101719,Sales,27,2023-10-26,1.9
627,Zachary,44,116231,Marketing,11,2016-06-24,4.5
628,Chris,19,37314,Marketing,26,2019-04-01,2.0
629,Kimberly,22,49623,IT,29,2023-02-14,2.1
630,Kimberly,46,97675,Finance,40,2021-10-25,1.0
631,Randall,54,95082,IT,33,2024-06-26,4.5
632,Ronald,55,113624,Sales,36,2022-09-07,4.2
633,Eddie,36,63130,Sales,5,2025-01-11,3.5
634,Heather,25,81756,Sales,6,2019-02-26,4.0
635,Olivia,65,56292,IT,31,2016-05-04,1.6
636,Sheila,62,116206,Marketing,31,2025-10-27,2.8
637,Ryan,18,99274,Marketing,24,2020-01-15,2.4
638,Dana,39,32469,HR,32,2022-07-20,1.4
639,Christopher,34,83947,Sales,6,2018-08-15,2.9
640,Brian,24,52534,Marketing,11,2025-01-04,4.7
641,Robert,42,93620,HR,15,2023-11-15,1.2
642,Allen,62,78874,Marketing,15,2025-08-08,2.2
643,Gary,21,79708,Sales,35,2018-01-01,1.8
644,Stephanie,53,104553,Finance,12,2021-07-29,2.0
645,Samantha,23,98344,Sales,6,2018-10-06,4.6
646,Ernest,48,79138,IT,35,2023-01-23,2.9
647,Betty,36,84302,Marketing,8,2023-06-09,2.9
648,Luis,61,77638,Marketing,31,2023-03-15,4.0
649,Kelly,56,108249,IT,10,2025-12-24,1.6
650,Becky,44,32719,IT,7,2023-01-21,2.9
651,Megan,27,52890,Finance,32,2019-09-27,2.7
652,Kimberly,43,107236,Marketing,22,2018-12-17,3.4
653,Craig,36,66509,Marketing,24,2019-05-18,5.0
654,Donald,56,72534,Finance,7,2025-10-19,4.1
655,Amanda,20,48787,HR,21,2023-11-15,2.6
656,Michael,62,78845,Finance,3,2025-06-07,4.3
657,Veronica,30,87932,Sales,39,2019-07-05,1.7
658,Gary,45,63062,Marketing,2,2025-09-02,1.1
659,Tina,37,105713,IT,28,2018-11-26,1.8
660,Jenna,45,117263,Sales,40,2017-10-17,2.4
661,Daniel,25,90461,Marketing,28,2018-12-07,3.0
662,Julie,58,105418,Finance,33,2024-10-07,3.5
663,Ronnie,56,96672,Sales,33,2020-12-11,4.6
664,Jessica,18,64832,Marketing,27,2018-09-14,3.0
665,Michael,20,61966,HR,12,2021-01-22,3.0
666,Thomas,30,102545,HR,14,2021-12-11,1.2
667,Erin,45,42987,IT,22,2016-10-18,1.1
668,Shannon,42,67311,Marketing,25,2025-01-26,3.2
669,Brittany,50,61575,HR,3,2020-03-22,2.8
670,Emily,55,93852,Finance,25,2023-11-12,4.4
671,Alan,23,31007,Marketing,39,2024-07-21,1.6
672,Rebecca,61,100981,Finance,8,2020-05-22,1.1
673,Eric,62,106242,Finance,4,2017-03-01,2.8
674,Candace,49,77517,HR,31,2021-10-24,1.9
675,Bradley,62,59257,Marketing,19,2025-07-31,1.2
676,Janice,64,117272,Sales,10,2017-10-18,3.9
677,Brittney,38,72207,HR,14,2024-01-23,1.4
678,Robert,33,43281,HR,31,2022-02-28,3.4
679,Benjamin,38,91246,Marketing,27,2025-05-09,2.1
680,Laurie,28,31435,Marketing,21,2021-01-20,1.7
681,Elizabeth,54,56660,Finance,40,2019-08-09,2.5
682,Joshua,53,35084,Marketing,16,2021-06-07,4.2
683,Rebecca,52,112197,Finance,25,2024-04-06,2.6
684,Edwin,36,43507,HR,6,2016-09-01,4.0
685,Brian,37,102595,IT,25,2021-02-21,1.5
686,Christina,35,113807,Sales,24,2020-03-26,4.1
687,William,64,75539,HR,9,2018-01-13,1.9
688,Noah,58,37491,Marketing,18,2017-06-20,3.7
689,Elizabeth,31,80192,Sales,10,2023-12-16,3.3
690,James,32,110395,IT,12,2024-05-13,4.7
691,Cassandra,48,93888,IT,7,2016-10-14,2.5
692,Bill,18,103609,Finance,39,2020-05-14,1.3
693,Sherri,20,39077,Sales,3,2017-05-22,1.1
694,Gregory,33,50953,Finance,30,2017-06-21,4.3
695,Eric,40,106919,HR,27,2023-04-03,3.1
696,James,28,97889,Sales,10,2016-06-27,4.1
697,Emily,29,53821,HR,0,2022-02-20,1.9
698,Steven,27,67567,Finance,37,2020-12-17,2.4
699,Lee,49,54860,Sales,23,2024-02-22,1.1
700,Daniel,33,51195,Finance,30,2016-04-03,4.8
701,Michelle,25,107475,Sales,40,2025-03-05,3.7
702,Andrea,55,117266,Finance,25,2019-11-08,4.7
703,Christopher,29,51427,IT,4,2025-04-16,2.1
704,Laurie,41,57083,Finance,19,2023-09-27,3.4
705,Richard,45,117046,IT,40,2025-05-07,3.7
706,Madison,25,87372,Finance,10,2021-08-15,2.3
707,Elizabeth,45,74064,Sales,32,2016-12-24,4.4
708,Steven,53,37813,Sales,37,2020-07-30,4.8
709,Taylor,43,61598,Sales,26,2025-05-10,4.5
710,Albert,25,57082,Marketing,33,2022-02-28,4.0
711,Deanna,45,59241,HR,14,2025-08-26,2.1
712,Brent,45,74569,Sales,31,2023-03-26,2.1
713,Zachary,54,41745,IT,20,2020-10-18,4.9
714,Sharon,58,56029,Sales,4,2024-01-27,1.0
715,Brenda,53,43025,Marketing,5,2016-12-10,3.9
716,Christopher,44,44288,IT,37,2020-07-27,3.8
717,James,34,119186,Marketing,21,2023-01-06,3.5
718,Brenda,26,36540,IT,17,2022-06-08,5.0
719,Krystal,50,111958,Finance,13,2023-10-04,2.2
720,Jacqueline,37,98878,HR,9,2019-05-13,2.4
721,Charles,30,71846,HR,12,2016-05-20,1.3
722,Justin,45,105932,Marketing,30,2021-09-21,2.8
723,Marissa,65,47482,HR,29,2017-06-29,2.0
724,Jacob,46,53411,Marketing,2,2022-07-29,2.4
725,Margaret,30,80975,Marketing,29,2018-08-01,4.3
726,Kristina,63,90545,Marketing,5,2023-08-02,4.7
727,Maria,52,108797,HR,28,2021-04-09,1.7
728,Kevin,23,82307,Marketing,7,2022-01-17,2.5
729,Kimberly,35,33093,HR,32,2016-09-10,4.7
730,Misty,22,107258,Marketing,16,2017-07-31,1.2
731,Michael,64,52042,Sales,10,2017-01-27,1.4
732,Daniel,42,82930,Marketing,12,2025-11-16,1.7
733,Jason,19,74413,IT,10,2023-11-02,3.4
734,Andrew,27,63756,Marketing,30,2020-12-18,1.6
735,Jessica,47,83268,Finance,27,2021-06-27,4.9
736,Scott,62,69214,Marketing,5,2016-08-02,2.8
737,James,22,111871,IT,40,2023-02-16,3.0
738,Calvin,50,58602,IT,15,2022-02-07,2.0
739,Savannah,18,83331,HR,3,2026-02-24,2.9
740,Kathy,35,78901,Sales,34,2024-10-22,3.6
741,Joshua,49,93416,Marketing,25,2021-12-14,4.0
742,Jason,64,62196,HR,11,2025-06-19,4.0
743,Tonya,28,35626,Sales,10,2020-09-20,3.3
744,Jared,38,37424,Marketing,36,2016-07-05,4.6
745,Jesse,43,42857,Finance,24,2019-08-10,4.3
746,Jesus,42,49982,Marketing,17,2017-05-18,4.0
747,Rebecca,39,106961,IT,18,2016-04-12,1.2
748,Keith,44,31980,IT,22,2019-01-26,1.0
749,Beverly,30,78290,Finance,37,2022-10-10,1.8
750,Robert,50,56431,HR,17,2023-03-21,3.7
751,Zachary,51,114976,Sales,25,2018-04-18,2.6
752,Donna,58,112711,Marketing,5,2022-06-08,2.6
753,Norman,52,56385,IT,3,2021-12-05,4.5
754,Douglas,18,68158,HR,28,2017-09-03,4.6
755,Kathryn,38,53019,Finance,33,2016-03-13,4.6
756,Joshua,65,48639,IT,16,2017-07-21,2.3
757,Corey,23,115530,Finance,15,2016-12-13,3.8
758,Tracy,45,51563,Marketing,1,2023-04-05,2.1
759,Darin,34,69341,Sales,33,2024-12-18,1.8
760,Timothy,22,35776,IT,7,2016-05-08,1.7
761,Rebecca,48,66444,IT,12,2024-06-16,2.4
762,Charles,22,98916,Marketing,7,2017-07-27,2.7
763,Mason,55,38711,HR,29,2021-06-19,4.3
764,Michele,20,104318,Sales,31,2022-09-14,1.5
765,Eric,40,112970,IT,35,2022-04-24,3.9
766,Todd,54,115553,Sales,29,2022-01-13,3.1
767,Alexander,54,60707,IT,0,2022-03-30,2.2
768,Lisa,27,69110,Sales,38,2018-05-22,3.0
769,Molly,27,91788,Finance,16,2016-10-14,2.2
770,Ian,36,112879,IT,19,2022-04-03,3.4
771,Cynthia,34,68827,Sales,23,2023-06-13,2.7
772,Olivia,38,35655,HR,21,2023-09-14,1.7
773,Hector,31,74859,Finance,28,2025-07-23,1.5
774,James,26,83625,Finance,21,2021-01-04,3.2
775,Veronica,63,82098,HR,8,2021-11-30,4.6
776,Donna,18,45251,Sales,36,2019-02-21,2.4
777,John,62,30526,Marketing,9,2022-05-14,3.9
778,Christopher,30,98760,HR,35,2018-07-30,3.6
779,Derrick,21,77837,Sales,36,2020-11-16,4.7
780,Ryan,18,41536,HR,27,2017-11-01,4.3
781,Ian,57,58541,HR,27,2017-07-27,3.3
782,Joseph,49,109083,IT,20,2018-07-12,3.6
783,Adrienne,51,81027,Sales,23,2024-01-13,4.6
784,John,45,64531,Marketing,39,2022-08-16,2.6
785,Tina,48,38712,IT,1,2024-10-07,2.3
786,Raymond,25,95455,HR,7,2019-03-21,1.0
787,Ronald,56,104744,HR,26,2018-08-25,4.3
788,Steven,43,35109,HR,21,2023-10-14,4.2
789,Cathy,51,79268,Sales,36,2024-02-21,1.4
790,Diane,20,84615,Sales,26,2017-03-29,3.3
791,Robin,29,112503,IT,28,2019-03-15,2.9
792,Tyler,18,59759,Marketing,2,2023-12-07,1.5
793,Alexander,61,115708,IT,12,2019-09-22,4.9
794,Andrea,22,90112,Finance,9,2026-01-12,1.9
795,Tina,47,56589,HR,35,2018-08-28,1.3
796,Matthew,47,60015,HR,8,2024-07-27,3.4
797,Kenneth,34,59009,HR,26,2020-02-05,4.0
798,Leslie,65,113309,IT,33,2019-08-14,1.1
799,Christina,64,92046,IT,0,2021-11-13,3.6
800,Craig,40,56143,HR,31,2016-07-31,3.1
801,Andrew,32,36154,IT,24,2024-04-02,1.4
802,Elizabeth,54,51804,Sales,28,2022-11-18,1.7
803,Jonathan,38,71688,Sales,6,2026-02-25,3.3
804,Randy,31,94288,IT,2,2023-02-25,2.2
805,Kimberly,19,81195,HR,19,2016-10-15,4.8
806,Chelsea,28,50581,IT,19,2016-04-12,4.3
807,Anthony,56,82648,IT,29,2017-08-28,4.9
808,Lisa,55,60087,IT,34,2022-12-20,2.0
809,Danielle,51,79930,Finance,34,2018-02-11,4.9
810,Kim,55,62981,Sales,38,2024-03-18,2.7
811,Ryan,51,99298,Marketing,26,2020-10-31,2.4
812,Meredith,35,76167,Marketing,25,2020-05-08,1.2
813,Amanda,47,105304,Finance,13,2024-06-19,1.2
814,Stephanie,32,73408,IT,16,2019-03-07,3.8
815,Jeffrey,44,69499,Finance,17,2022-07-24,2.8
816,Heather,51,82269,Finance,28,2017-10-11,1.9
817,Emily,55,68559,HR,19,2017-05-06,3.5
818,Kelli,50,104319,Sales,26,2025-08-31,2.0
819,Daniel,41,78787,Marketing,17,2016-06-11,3.3
820,Andrew,32,65488,IT,3,2025-08-09,2.4
821,Erica,47,104441,Marketing,0,2020-08-06,4.3
822,Michael,59,104663,Marketing,0,2016-06-04,4.3
823,Garrett,34,52431,Sales,25,2022-12-31,2.9
824,Pamela,22,91681,Marketing,19,2022-12-31,2.4
825,Andrew,46,93483,Marketing,22,2024-02-08,2.5
826,Stephen,21,79153,Finance,9,2022-10-29,4.2
827,Dana,27,36368,Sales,10,2021-10-01,2.3
828,Amy,34,57424,HR,40,2024-10-10,1.8
829,Chelsea,27,75004,IT,40,2019-08-22,1.3
830,William,34,113869,Marketing,4,2019-03-11,2.9
831,Matthew,37,118652,IT,0,2025-10-03,2.9
832,Raymond,41,86985,HR,16,2020-08-02,4.4
833,Molly,22,80069,IT,21,2024-09-06,1.9
834,Robert,51,82326,HR,33,2016-11-01,2.5
835,Janice,23,111061,Finance,40,2017-11-24,4.2
836,Zachary,19,53398,Marketing,28,2016-07-05,4.3
837,Michael,30,80861,HR,3,2025-07-18,2.5
838,Russell,60,105897,IT,4,2020-12-21,2.8
839,Mary,60,111905,Marketing,10,2023-05-11,2.2
840,Jessica,65,98577,Finance,20,2025-07-14,4.7
841,Joseph,28,95641,Marketing,34,2019-08-16,1.5
842,Gina,64,39078,HR,11,2017-06-24,4.7
843,Joyce,40,55003,Finance,25,2024-09-23,3.7
844,Amy,33,92768,IT,18,2017-07-14,3.1
845,Kathleen,48,81047,Finance,6,2021-12-24,1.1
846,Charles,28,101626,Finance,6,2016-07-10,2.9
847,Monica,33,87660,Sales,25,2019-05-01,2.6
848,Michael,25,79786,Finance,39,2019-03-21,1.6
849,Dana,21,31925,Finance,4,2025-05-09,3.6
850,David,57,113976,Marketing,20,2020-10-09,4.9
851,Juan,21,56015,IT,13,2025-05-30,3.2
852,Kathy,42,63320,Marketing,3,2025-03-17,3.9
853,Erin,20,94881,Marketing,22,2017-06-18,1.3
854,Linda,49,56289,HR,19,2022-11-18,2.7
855,Dana,20,33389,Marketing,14,2025-11-21,1.5
856,Jorge,44,55683,Sales,28,2019-12-12,3.5
857,Blake,46,43629,Sales,7,2016-08-07,4.8
858,Brian,49,91550,HR,40,2023-03-21,3.6
859,Heather,36,54826,IT,18,2017-07-27,1.3
860,Sara,38,56630,IT,38,2024-08-15,2.4
861,Matthew,22,76163,Marketing,27,2017-04-17,3.2
862,Gary,35,96435,Marketing,26,2023-03-20,2.6
863,Carl,45,41653,Marketing,3,2023-04-02,4.3
864,Margaret,59,57961,IT,14,2020-03-20,4.3
865,David,39,111941,Finance,34,2025-05-01,3.4
866,Bianca,38,104137,Sales,36,2026-01-07,2.5
867,Sara,23,63662,Finance,0,2016-05-05,2.0
868,Eduardo,18,86446,Finance,2,2023-05-22,1.4
869,Rachel,22,51288,IT,23,2017-01-03,2.4
870,Teresa,58,66877,Finance,26,2025-11-19,2.7
871,Tara,29,45313,HR,39,2020-09-09,3.7
872,Brian,43,110885,Marketing,35,2017-03-15,3.6
873,John,63,102715,HR,33,2023-06-06,1.3
874,Arthur,51,40326,Sales,28,2025-03-12,2.6
875,Crystal,31,31560,Marketing,23,2023-03-04,1.7
876,Katherine,43,109148,Finance,23,2025-11-20,1.6
877,Andrea,62,113186,Sales,3,2021-04-23,4.3
878,Gabriela,44,56745,Marketing,2,2018-10-09,1.2
879,Christine,26,61890,Finance,33,2023-05-23,2.7
880,Heather,43,50022,HR,22,2023-08-06,1.7
881,Elizabeth,64,82579,Marketing,22,2024-12-23,4.5
882,Mary,39,100316,Finance,4,2020-06-21,3.2
883,Heather,64,113847,HR,30,2017-09-18,1.9
884,Troy,47,58380,Sales,40,2025-03-27,3.0
885,Christopher,60,32356,Sales,5,2019-11-02,3.9
886,David,65,100326,Sales,36,2021-09-12,4.8
887,Julie,34,119899,Sales,9,2024-07-07,1.9
888,Rodney,43,50049,IT,39,2025-07-11,4.5
889,April,53,105717,Marketing,6,2017-02-06,4.7
890,Chase,18,46082,Marketing,38,2018-12-05,4.7
891,Curtis,25,30661,IT,37,2024-09-26,3.5
892,Samantha,52,67412,Finance,20,2023-06-14,3.5
893,Anna,32,32920,Finance,19,2022-11-17,2.6
894,Ronald,64,90315,Sales,2,2022-11-19,4.0
895,Joseph,39,109561,HR,21,2018-06-01,3.1
896,Corey,31,38946,Finance,3,2020-02-03,3.7
897,Robert,43,75500,HR,27,2020-12-03,2.7
898,James,45,46309,Marketing,11,2020-11-20,3.9
899,Donna,40,85230,HR,37,2017-04-05,4.3
900,Amanda,31,60027,Marketing,35,2021-04-08,1.6
901,Charles,41,102541,IT,40,2018-11-13,4.3
902,Scott,19,89321,IT,4,2021-05-02,3.2
903,Norma,62,30956,Sales,12,2018-11-13,4.4
904,Lisa,43,104131,Finance,22,2025-12-14,2.7
905,Javier,31,77908,Sales,29,2023-07-15,2.5
906,Cameron,24,108339,Marketing,36,2019-08-17,4.7
907,Melissa,20,55963,Sales,24,2025-07-22,2.0
908,Marcus,64,69443,HR,26,2020-02-07,4.4
909,Kristin,40,69063,Marketing,13,2021-05-30,2.9
910,Benjamin,63,110818,IT,35,2023-07-18,3.1
911,Michelle,60,34703,Finance,38,2016-06-29,2.2
912,Alicia,64,95128,Marketing,15,2017-07-23,3.3
913,Peggy,62,102099,Marketing,21,2020-07-28,2.3
914,Raymond,35,55849,HR,20,2023-01-02,1.2
915,Shane,55,61860,Finance,20,2023-08-26,2.1
916,Robert,52,61585,IT,7,2018-08-06,1.0
917,Elizabeth,32,52015,Marketing,15,2023-06-11,4.9
918,Kathryn,42,107539,Marketing,30,2021-10-16,4.9
919,Nicole,54,73585,HR,9,2018-10-10,2.6
920,Troy,45,56958,Sales,31,2021-01-17,3.9
921,Sarah,27,56017,IT,33,2022-10-31,2.4
922,Vanessa,56,106707,Finance,8,2023-12-28,3.7
923,Tina,34,75350,Marketing,16,2023-03-25,4.2
924,Devin,56,42201,Marketing,10,2018-02-07,4.8
925,Karen,39,59426,IT,31,2023-10-03,2.6
926,Edward,43,47778,Sales,9,2019-11-28,4.1
927,Donna,61,75241,Marketing,21,2023-05-09,2.1
928,Mark,42,72229,IT,16,2021-02-25,5.0
929,Christopher,34,116652,HR,3,2026-02-24,1.1
930,Jacqueline,30,78364,Sales,24,2025-09-17,3.4
931,Steven,37,114878,Finance,20,2019-05-04,3.6
932,Susan,42,87056,Marketing,36,2023-05-01,3.8
933,Gary,21,57490,IT,37,2024-08-17,1.5
934,Linda,27,49975,HR,0,2023-06-24,4.8
935,William,20,56723,Finance,24,2025-06-07,1.7
936,Christopher,58,53279,IT,35,2026-01-21,3.5
937,Tina,62,108301,IT,16,2022-01-11,1.9
938,Timothy,35,41561,Finance,40,2021-06-10,2.2
939,James,64,96061,HR,23,2024-12-04,3.2
940,Marvin,53,118397,HR,1,2022-03-24,2.7
941,Brooke,64,79153,Sales,39,2018-02-06,1.6
942,Taylor,39,63142,Marketing,14,2017-01-07,1.7
943,John,51,56916,Finance,31,2022-06-16,2.7
944,Brian,64,94324,Finance,38,2019-05-21,4.0
945,Ashley,25,74965,Finance,5,2021-04-14,4.6
946,Jordan,57,34648,HR,0,2016-03-31,1.3
947,Jessica,61,65133,Marketing,22,2019-04-03,2.6
948,Laura,36,80677,Sales,38,2016-05-10,1.4
949,Joshua,59,100135,IT,16,2022-03-13,1.1
950,Heather,58,65046,IT,33,2023-05-15,3.6
951,Stephanie,54,77064,Finance,40,2016-08-25,3.4
952,Robert,23,99350,Marketing,28,2021-12-22,1.7
953,David,43,75893,HR,8,2016-11-05,1.9
954,Kevin,51,91272,Marketing,12,2018-06-17,1.1
955,Robert,62,97649,Marketing,5,2017-10-19,4.3
956,Michael,23,94674,HR,5,2020-01-02,4.9
957,Brian,54,43760,Finance,19,2024-09-07,1.5
958,Krista,50,51927,Marketing,2,2025-11-09,1.9
959,Karen,39,116475,IT,16,2024-08-03,4.5
960,Maria,38,91367,HR,11,2021-01-31,4.7
961,John,23,42588,Sales,0,2019-03-30,2.7
962,John,23,82233,Finance,16,2018-12-22,1.2
963,Valerie,65,74738,HR,2,2023-04-29,1.2
964,David,21,63397,Sales,25,2023-01-18,3.3
965,Edgar,47,112189,Sales,14,2019-02-08,2.6
966,William,28,106367,Marketing,35,2019-06-22,1.1
967,Barbara,47,101260,Marketing,31,2021-03-19,3.3
968,Holly,48,106619,Marketing,31,2021-09-12,1.0
969,Stephen,41,49816,HR,3,2022-08-26,4.1
970,Kristi,26,72240,HR,17,2020-05-27,2.2
971,Kimberly,20,36276,Finance,18,2025-03-04,1.2
972,Anthony,48,109530,Marketing,34,2023-10-31,3.4
973,Katherine,57,53499,Sales,39,2020-06-13,2.6
974,Linda,54,118576,IT,13,2023-08-28,4.9
975,Robert,53,112495,Finance,32,2023-12-31,3.2
976,Cody,41,101635,HR,13,2019-07-30,2.1
977,Paul,48,115112,Finance,33,2022-08-29,3.8
978,Ryan,23,65946,Finance,3,2022-02-14,2.1
979,Carrie,19,85204,Finance,23,2017-11-03,4.6
980,Jessica,37,81886,Finance,28,2018-05-05,2.5
981,Megan,45,101652,IT,18,2025-01-16,3.2
982,Katherine,28,45563,Marketing,5,2021-04-12,1.2
983,Dylan,21,39847,Sales,32,2021-10-13,2.7
984,Shelby,32,56155,Finance,39,2021-08-31,4.3
985,Michelle,23,109671,Finance,18,2022-07-24,4.2
986,Larry,47,113310,Finance,0,2017-11-11,1.9
987,Joseph,55,97278,Marketing,4,2022-05-22,1.9
988,Kevin,19,48309,HR,26,2017-09-06,4.3
989,Steven,32,30619,HR,15,2019-12-06,4.7
990,Jeffrey,28,113194,IT,5,2019-11-23,1.4
991,Victor,25,80108,HR,39,2023-05-21,2.8
992,Kenneth,43,64707,Finance,12,2024-03-06,2.3
993,Gene,62,50337,Finance,34,2022-05-08,4.5
994,Ann,61,111537,Finance,18,2021-07-01,1.3
995,Anthony,22,96504,IT,11,2020-06-28,1.8
996,Victor,23,77614,Finance,15,2024-03-24,4.0
997,Parker,43,30281,HR,9,2024-11-13,1.2
998,Mark,21,57420,Marketing,24,2018-05-08,3.0
999,Robert,36,110896,Marketing,19,2016-12-28,2.8
1000,Lori,37,69030,Sales,30,2021-03-18,2.3
